date,portfolio_value,cash,num_positions
2018-01-01,10000000.0,10000000.0,0
2018-01-02,10000000.0,10000000.0,0
2018-01-03,10000000.0,10000000.0,0
2018-01-04,10000000.0,10000000.0,0
2018-01-05,10000000.0,10000000.0,0
2018-01-08,10000000.0,10000000.0,0
2018-01-09,10000000.0,10000000.0,0
2018-01-10,10000000.0,10000000.0,0
2018-01-11,10000000.0,10000000.0,0
2018-01-12,10000000.0,10000000.0,0
2018-01-15,10000000.0,10000000.0,0
2018-01-16,10000000.0,10000000.0,0
2018-01-17,10000000.0,10000000.0,0
2018-01-18,10000000.0,10000000.0,0
2018-01-19,10000000.0,10000000.0,0
2018-01-22,10000000.0,10000000.0,0
2018-01-23,10000000.0,10000000.0,0
2018-01-24,10000000.0,10000000.0,0
2018-01-25,10000000.0,10000000.0,0
2018-01-26,10000000.0,10000000.0,0
2018-01-29,10000000.0,10000000.0,0
2018-01-30,10000000.0,10000000.0,0
2018-01-31,10000000.0,10000000.0,0
2018-02-01,10000000.0,10000000.0,0
2018-02-02,10000000.0,10000000.0,0
2018-02-05,10000000.0,10000000.0,0
2018-02-06,10000000.0,10000000.0,0
2018-02-07,10000000.0,10000000.0,0
2018-02-08,10000000.0,10000000.0,0
2018-02-09,10000000.0,10000000.0,0
2018-02-12,10000000.0,10000000.0,0
2018-02-13,10000000.0,10000000.0,0
2018-02-14,10000000.0,10000000.0,0
2018-02-15,10000000.0,10000000.0,0
2018-02-16,10000000.0,10000000.0,0
2018-02-19,10000000.0,10000000.0,0
2018-02-20,10000000.0,10000000.0,0
2018-02-21,10000000.0,10000000.0,0
2018-02-22,10000000.0,10000000.0,0
2018-02-23,10000000.0,10000000.0,0
2018-02-26,10000000.0,10000000.0,0
2018-02-27,10000000.0,10000000.0,0
2018-02-28,10000000.0,10000000.0,0
2018-03-01,10000000.0,10000000.0,0
2018-03-02,10000000.0,10000000.0,0
2018-03-05,10000000.0,10000000.0,0
2018-03-06,10000000.0,10000000.0,0
2018-03-07,10000000.0,10000000.0,0
2018-03-08,10000000.0,10000000.0,0
2018-03-09,10000000.0,10000000.0,0
2018-03-12,10000000.0,10000000.0,0
2018-03-13,10000000.0,10000000.0,0
2018-03-14,10000000.0,10000000.0,0
2018-03-15,10000000.0,10000000.0,0
2018-03-16,10000000.0,10000000.0,0
2018-03-19,10000000.0,10000000.0,0
2018-03-20,10000000.0,10000000.0,0
2018-03-21,10000000.0,10000000.0,0
2018-03-22,10000000.0,10000000.0,0
2018-03-23,10000000.0,10000000.0,0
2018-03-26,10000000.0,10000000.0,0
2018-03-27,10000000.0,10000000.0,0
2018-03-28,10000000.0,10000000.0,0
2018-03-29,10000000.0,10000000.0,0
2018-04-02,10000000.0,10000000.0,0
2018-04-03,10000000.0,10000000.0,0
2018-04-04,10000000.0,10000000.0,0
2018-04-05,10000000.0,10000000.0,0
2018-04-06,10000000.0,10000000.0,0
2018-04-09,10000000.0,10000000.0,0
2018-04-10,10000000.0,10000000.0,0
2018-04-11,10000000.0,10000000.0,0
2018-04-12,10000000.0,10000000.0,0
2018-04-13,10000000.0,10000000.0,0
2018-04-16,10000000.0,10000000.0,0
2018-04-17,10000000.0,10000000.0,0
2018-04-18,10000000.0,10000000.0,0
2018-04-19,10000000.0,10000000.0,0
2018-04-20,10000000.0,10000000.0,0
2018-04-23,10000000.0,10000000.0,0
2018-04-24,10000000.0,10000000.0,0
2018-04-25,10000000.0,10000000.0,0
2018-04-26,10000000.0,10000000.0,0
2018-04-27,10000000.0,10000000.0,0
2018-04-30,10000000.0,10000000.0,0
2018-05-01,10000000.0,10000000.0,0
2018-05-02,10000000.0,10000000.0,0
2018-05-03,10000000.0,10000000.0,0
2018-05-04,10000000.0,10000000.0,0
2018-05-07,10000000.0,10000000.0,0
2018-05-08,10000000.0,10000000.0,0
2018-05-09,10000000.0,10000000.0,0
2018-05-10,10000000.0,10000000.0,0
2018-05-11,10000000.0,10000000.0,0
2018-05-14,10000000.0,10000000.0,0
2018-05-15,10000000.0,10000000.0,0
2018-05-16,10000000.0,10000000.0,0
2018-05-17,10000000.0,10000000.0,0
2018-05-18,10000000.0,10000000.0,0
2018-05-21,10000000.0,10000000.0,0
2018-05-22,10000000.0,10000000.0,0
2018-05-23,10000000.0,10000000.0,0
2018-05-24,10000000.0,10000000.0,0
2018-05-25,10000000.0,10000000.0,0
2018-05-28,10000000.0,10000000.0,0
2018-05-29,10000000.0,10000000.0,0
2018-05-30,10000000.0,10000000.0,0
2018-05-31,10000000.0,10000000.0,0
2018-06-01,10000000.0,10000000.0,0
2018-06-04,10000000.0,10000000.0,0
2018-06-05,10000000.0,10000000.0,0
2018-06-06,10000000.0,10000000.0,0
2018-06-07,10000000.0,10000000.0,0
2018-06-08,10000000.0,10000000.0,0
2018-06-11,10000000.0,10000000.0,0
2018-06-12,10000000.0,10000000.0,0
2018-06-13,10000000.0,10000000.0,0
2018-06-14,10000000.0,10000000.0,0
2018-06-15,10000000.0,10000000.0,0
2018-06-18,10000000.0,10000000.0,0
2018-06-19,10000000.0,10000000.0,0
2018-06-20,10000000.0,10000000.0,0
2018-06-21,10000000.0,10000000.0,0
2018-06-22,10000000.0,10000000.0,0
2018-06-25,10000000.0,10000000.0,0
2018-06-26,10000000.0,10000000.0,0
2018-06-27,10000000.0,10000000.0,0
2018-06-28,10000000.0,10000000.0,0
2018-06-29,10000000.0,10000000.0,0
2018-07-02,10000000.0,10000000.0,0
2018-07-03,10000000.0,10000000.0,0
2018-07-04,10000000.0,10000000.0,0
2018-07-05,10000000.0,10000000.0,0
2018-07-06,10000000.0,10000000.0,0
2018-07-09,10000000.0,10000000.0,0
2018-07-10,10000000.0,10000000.0,0
2018-07-11,10000000.0,10000000.0,0
2018-07-12,10000000.0,10000000.0,0
2018-07-13,10000000.0,10000000.0,0
2018-07-16,10000000.0,10000000.0,0
2018-07-17,10000000.0,10000000.0,0
2018-07-18,10000000.0,10000000.0,0
2018-07-19,10000000.0,10000000.0,0
2018-07-20,10000000.0,10000000.0,0
2018-07-23,10000000.0,10000000.0,0
2018-07-24,10000000.0,10000000.0,0
2018-07-25,10000000.0,10000000.0,0
2018-07-26,10000000.0,10000000.0,0
2018-07-27,10000000.0,10000000.0,0
2018-07-30,10000000.0,10000000.0,0
2018-07-31,10000000.0,10000000.0,0
2018-08-01,10000000.0,10000000.0,0
2018-08-02,10000000.0,10000000.0,0
2018-08-03,10000000.0,10000000.0,0
2018-08-06,10000000.0,10000000.0,0
2018-08-07,10000000.0,10000000.0,0
2018-08-08,10000000.0,10000000.0,0
2018-08-09,10000000.0,10000000.0,0
2018-08-10,10000000.0,10000000.0,0
2018-08-13,10000000.0,10000000.0,0
2018-08-14,10000000.0,10000000.0,0
2018-08-15,10000000.0,10000000.0,0
2018-08-16,10000000.0,10000000.0,0
2018-08-17,10000000.0,10000000.0,0
2018-08-20,10000000.0,10000000.0,0
2018-08-21,10000000.0,10000000.0,0
2018-08-22,10000000.0,10000000.0,0
2018-08-23,10000000.0,10000000.0,0
2018-08-24,10000000.0,10000000.0,0
2018-08-27,10000000.0,10000000.0,0
2018-08-28,10000000.0,10000000.0,0
2018-08-29,10000000.0,10000000.0,0
2018-08-30,10000000.0,10000000.0,0
2018-08-31,10000000.0,10000000.0,0
2018-09-03,10000000.0,10000000.0,0
2018-09-04,10000000.0,10000000.0,0
2018-09-05,10000000.0,10000000.0,0
2018-09-06,10000000.0,10000000.0,0
2018-09-07,10000000.0,10000000.0,0
2018-09-10,10000000.0,10000000.0,0
2018-09-11,10000000.0,10000000.0,0
2018-09-12,10000000.0,10000000.0,0
2018-09-13,10000000.0,10000000.0,0
2018-09-14,10000000.0,10000000.0,0
2018-09-17,10000000.0,10000000.0,0
2018-09-18,10000000.0,10000000.0,0
2018-09-19,10000000.0,10000000.0,0
2018-09-20,10000000.0,10000000.0,0
2018-09-21,10000000.0,10000000.0,0
2018-09-24,10000000.0,10000000.0,0
2018-09-25,10000000.0,10000000.0,0
2018-09-26,10000000.0,10000000.0,0
2018-09-27,10000000.0,10000000.0,0
2018-09-28,10000000.0,10000000.0,0
2018-10-01,10000000.0,10000000.0,0
2018-10-02,10000000.0,10000000.0,0
2018-10-03,10000000.0,10000000.0,0
2018-10-04,10000000.0,10000000.0,0
2018-10-05,10000000.0,10000000.0,0
2018-10-08,10000000.0,10000000.0,0
2018-10-09,10000000.0,10000000.0,0
2018-10-10,10000000.0,10000000.0,0
2018-10-11,10000000.0,10000000.0,0
2018-10-12,10000000.0,10000000.0,0
2018-10-15,10000000.0,10000000.0,0
2018-10-16,10000000.0,10000000.0,0
2018-10-17,10000000.0,10000000.0,0
2018-10-18,10000000.0,10000000.0,0
2018-10-19,10000000.0,10000000.0,0
2018-10-22,10000000.0,10000000.0,0
2018-10-23,10000000.0,10000000.0,0
2018-10-24,10000000.0,10000000.0,0
2018-10-25,10000000.0,10000000.0,0
2018-10-26,10000000.0,10000000.0,0
2018-10-29,10000000.0,10000000.0,0
2018-10-30,10000000.0,10000000.0,0
2018-10-31,10000000.0,10000000.0,0
2018-11-01,10000000.0,10000000.0,0
2018-11-02,10000000.0,10000000.0,0
2018-11-05,10000000.0,10000000.0,0
2018-11-06,10000000.0,10000000.0,0
2018-11-07,10000000.0,10000000.0,0
2018-11-08,10000000.0,10000000.0,0
2018-11-09,10000000.0,10000000.0,0
2018-11-12,10000000.0,10000000.0,0
2018-11-13,10000000.0,10000000.0,0
2018-11-14,10000000.0,10000000.0,0
2018-11-15,10000000.0,10000000.0,0
2018-11-16,10000000.0,10000000.0,0
2018-11-19,10000000.0,10000000.0,0
2018-11-20,10000000.0,10000000.0,0
2018-11-21,10000000.0,10000000.0,0
2018-11-22,10000000.0,10000000.0,0
2018-11-23,10000000.0,10000000.0,0
2018-11-26,10000000.0,10000000.0,0
2018-11-27,10000000.0,10000000.0,0
2018-11-28,10000000.0,10000000.0,0
2018-11-29,10000000.0,10000000.0,0
2018-11-30,10000000.0,10000000.0,0
2018-12-03,10000000.0,10000000.0,0
2018-12-04,10000000.0,10000000.0,0
2018-12-05,10000000.0,10000000.0,0
2018-12-06,10000000.0,10000000.0,0
2018-12-07,10000000.0,10000000.0,0
2018-12-10,10000000.0,10000000.0,0
2018-12-11,10000000.0,10000000.0,0
2018-12-12,10000000.0,10000000.0,0
2018-12-13,10000000.0,10000000.0,0
2018-12-14,10000000.0,10000000.0,0
2018-12-17,10000000.0,10000000.0,0
2018-12-18,10000000.0,10000000.0,0
2018-12-19,10000000.0,10000000.0,0
2018-12-20,10000000.0,10000000.0,0
2018-12-21,10000000.0,10000000.0,0
2018-12-24,10000000.0,10000000.0,0
2018-12-26,10000000.0,10000000.0,0
2018-12-27,10000000.0,10000000.0,0
2018-12-28,10000000.0,10000000.0,0
2018-12-31,10000000.0,10000000.0,0
2019-01-01,10000000.0,10000000.0,0
2019-01-02,10000000.0,10000000.0,0
2019-01-03,10000000.0,10000000.0,0
2019-01-04,10000000.0,10000000.0,0
2019-01-07,10000000.0,10000000.0,0
2019-01-08,10000000.0,10000000.0,0
2019-01-09,10000000.0,10000000.0,0
2019-01-10,10000000.0,10000000.0,0
2019-01-11,10000000.0,10000000.0,0
2019-01-14,10000000.0,10000000.0,0
2019-01-15,10000000.0,10000000.0,0
2019-01-16,10000000.0,10000000.0,0
2019-01-17,10000000.0,10000000.0,0
2019-01-18,10000000.0,10000000.0,0
2019-01-21,10000000.0,10000000.0,0
2019-01-22,10000000.0,10000000.0,0
2019-01-23,10000000.0,10000000.0,0
2019-01-24,10000000.0,10000000.0,0
2019-01-25,10000000.0,10000000.0,0
2019-01-28,10000000.0,10000000.0,0
2019-01-29,10000000.0,10000000.0,0
2019-01-30,10000000.0,10000000.0,0
2019-01-31,10000000.0,10000000.0,0
2019-02-01,10000000.0,10000000.0,0
2019-02-04,10000000.0,10000000.0,0
2019-02-05,10000000.0,10000000.0,0
2019-02-06,10000000.0,10000000.0,0
2019-02-07,10000000.0,10000000.0,0
2019-02-08,10000000.0,10000000.0,0
2019-02-11,10000000.0,10000000.0,0
2019-02-12,10000000.0,10000000.0,0
2019-02-13,10000000.0,10000000.0,0
2019-02-14,10000000.0,10000000.0,0
2019-02-15,10000000.0,10000000.0,0
2019-02-18,10000000.0,10000000.0,0
2019-02-19,10000000.0,10000000.0,0
2019-02-20,10000000.0,10000000.0,0
2019-02-21,10000000.0,10000000.0,0
2019-02-22,10000000.0,10000000.0,0
2019-02-25,10000000.0,10000000.0,0
2019-02-26,10000000.0,10000000.0,0
2019-02-27,10000000.0,10000000.0,0
2019-02-28,10000000.0,10000000.0,0
2019-03-01,10000000.0,10000000.0,0
2019-03-04,10000000.0,10000000.0,0
2019-03-05,10000000.0,10000000.0,0
2019-03-06,10000000.0,10000000.0,0
2019-03-07,10000000.0,10000000.0,0
2019-03-08,10000000.0,10000000.0,0
2019-03-11,10000000.0,10000000.0,0
2019-03-12,10000000.0,10000000.0,0
2019-03-13,10000000.0,10000000.0,0
2019-03-14,10000000.0,10000000.0,0
2019-03-15,10000000.0,10000000.0,0
2019-03-18,10000000.0,10000000.0,0
2019-03-19,10000000.0,10000000.0,0
2019-03-20,10000000.0,10000000.0,0
2019-03-21,10000000.0,10000000.0,0
2019-03-22,10000000.0,10000000.0,0
2019-03-25,10000000.0,10000000.0,0
2019-03-26,10000000.0,10000000.0,0
2019-03-27,10000000.0,10000000.0,0
2019-03-28,10000000.0,10000000.0,0
2019-03-29,10000000.0,10000000.0,0
2019-04-01,10000000.0,10000000.0,0
2019-04-02,10000000.0,10000000.0,0
2019-04-03,10000000.0,10000000.0,0
2019-04-04,10000000.0,10000000.0,0
2019-04-05,10000000.0,10000000.0,0
2019-04-08,10000000.0,10000000.0,0
2019-04-09,10000000.0,10000000.0,0
2019-04-10,10000000.0,10000000.0,0
2019-04-11,10000000.0,10000000.0,0
2019-04-12,10000000.0,10000000.0,0
2019-04-15,10000000.0,10000000.0,0
2019-04-16,10000000.0,10000000.0,0
2019-04-17,10000000.0,10000000.0,0
2019-04-18,10000000.0,10000000.0,0
2019-04-22,10000000.0,10000000.0,0
2019-04-23,10000000.0,10000000.0,0
2019-04-24,10000000.0,10000000.0,0
2019-04-25,10000000.0,10000000.0,0
2019-04-26,10000000.0,10000000.0,0
2019-04-29,10000000.0,10000000.0,0
2019-04-30,10000000.0,10000000.0,0
2019-05-01,10000000.0,10000000.0,0
2019-05-02,10000000.0,10000000.0,0
2019-05-03,10000000.0,10000000.0,0
2019-05-06,10000000.0,10000000.0,0
2019-05-07,10000000.0,10000000.0,0
2019-05-08,10000000.0,10000000.0,0
2019-05-09,10000000.0,10000000.0,0
2019-05-10,10000000.0,10000000.0,0
2019-05-13,10000000.0,10000000.0,0
2019-05-14,10000000.0,10000000.0,0
2019-05-15,10000000.0,10000000.0,0
2019-05-16,10000000.0,10000000.0,0
2019-05-17,10000000.0,10000000.0,0
2019-05-20,10000000.0,10000000.0,0
2019-05-21,10000000.0,10000000.0,0
2019-05-22,10000000.0,10000000.0,0
2019-05-23,10000000.0,10000000.0,0
2019-05-24,10000000.0,10000000.0,0
2019-05-27,10000000.0,10000000.0,0
2019-05-28,10000000.0,10000000.0,0
2019-05-29,10000000.0,10000000.0,0
2019-05-30,10000000.0,10000000.0,0
2019-05-31,10000000.0,10000000.0,0
2019-06-03,10000000.0,10000000.0,0
2019-06-04,10000000.0,10000000.0,0
2019-06-05,10000000.0,10000000.0,0
2019-06-06,10000000.0,10000000.0,0
2019-06-07,10000000.0,10000000.0,0
2019-06-10,10000000.0,10000000.0,0
2019-06-11,10000000.0,10000000.0,0
2019-06-12,10000000.0,10000000.0,0
2019-06-13,10000000.0,10000000.0,0
2019-06-14,10000000.0,10000000.0,0
2019-06-17,10000000.0,10000000.0,0
2019-06-18,10000000.0,10000000.0,0
2019-06-19,10000000.0,10000000.0,0
2019-06-20,10000000.0,10000000.0,0
2019-06-21,10000000.0,10000000.0,0
2019-06-24,10000000.0,10000000.0,0
2019-06-25,10000000.0,10000000.0,0
2019-06-26,10000000.0,10000000.0,0
2019-06-27,10000000.0,10000000.0,0
2019-06-28,10000000.0,10000000.0,0
2019-07-01,10000000.0,10000000.0,0
2019-07-02,10000000.0,10000000.0,0
2019-07-03,10000000.0,10000000.0,0
2019-07-04,10000000.0,10000000.0,0
2019-07-05,10000000.0,10000000.0,0
2019-07-08,10000000.0,10000000.0,0
2019-07-09,10000000.0,10000000.0,0
2019-07-10,10000000.0,10000000.0,0
2019-07-11,10000000.0,10000000.0,0
2019-07-12,10000000.0,10000000.0,0
2019-07-15,10000000.0,10000000.0,0
2019-07-16,10000000.0,10000000.0,0
2019-07-17,10000000.0,10000000.0,0
2019-07-18,10000000.0,10000000.0,0
2019-07-19,10000000.0,10000000.0,0
2019-07-22,10000000.0,10000000.0,0
2019-07-23,10000000.0,10000000.0,0
2019-07-24,10000000.0,10000000.0,0
2019-07-25,10000000.0,10000000.0,0
2019-07-26,10000000.0,10000000.0,0
2019-07-29,10000000.0,10000000.0,0
2019-07-30,10000000.0,10000000.0,0
2019-07-31,10000000.0,10000000.0,0
2019-08-01,10000000.0,6666666.666666666,1
2019-08-02,10000000.0,6666666.666666666,1
2019-08-05,10000000.0,6666666.666666666,1
2019-08-06,10000000.0,6666666.666666666,1
2019-08-07,10000000.0,6666666.666666666,1
2019-08-08,10000000.0,6666666.666666666,1
2019-08-09,10000000.0,6666666.666666666,1
2019-08-12,10000000.0,6666666.666666666,1
2019-08-13,10000000.0,6666666.666666666,1
2019-08-14,10000000.0,6666666.666666666,1
2019-08-15,10000000.0,6666666.666666666,1
2019-08-16,10000000.0,6666666.666666666,1
2019-08-19,10000000.0,6666666.666666666,1
2019-08-20,10000000.0,6666666.666666666,1
2019-08-21,10000000.0,6666666.666666666,1
2019-08-22,10000000.0,6666666.666666666,1
2019-08-23,10000000.0,6666666.666666666,1
2019-08-26,10000000.0,6666666.666666666,1
2019-08-27,10000000.0,6666666.666666666,1
2019-08-28,10000000.0,6666666.666666666,1
2019-08-29,10000000.0,6666666.666666666,1
2019-08-30,10000000.0,6666666.666666666,1
2019-09-02,9952718.676122932,4444444.444444444,2
2019-09-03,10000000.0,4444444.444444444,2
2019-09-04,10047281.323877068,4444444.444444444,2
2019-09-05,10022250.03476568,4444444.444444444,2
2019-09-06,10002781.25434571,4444444.444444444,2
2019-09-09,10075093.867334168,4444444.444444444,2
2019-09-10,10075093.867334168,4444444.444444444,2
2019-09-11,10472813.238770686,4444444.444444444,2
2019-09-12,10698094.840773188,4444444.444444444,2
2019-09-13,10831595.049367264,4444444.444444444,2
2019-09-16,11207064.386038102,4444444.444444444,2
2019-09-17,11112501.738283966,4444444.444444444,2
2019-09-18,11315533.30552079,4444444.444444444,2
2019-09-19,11081907.940481156,4444444.444444444,2
2019-09-20,10948407.73188708,4444444.444444444,2
2019-09-23,10703657.349464608,4444444.444444444,2
2019-09-24,10556250.869141983,4444444.444444444,2
2019-09-25,10394938.117090806,4444444.444444444,2
2019-09-26,10280906.688916702,4444444.444444444,2
2019-09-27,10350438.04755945,4444444.444444444,2
2019-09-30,10478375.747462105,4444444.444444444,2
2019-10-01,10611875.956056181,4444444.444444444,2
2019-10-02,10611875.956056181,4444444.444444444,2
2019-10-03,10478375.747462105,4444444.444444444,2
2019-10-04,10400500.625782227,4444444.444444444,2
2019-10-07,10297594.21499096,4444444.444444444,2
2019-10-08,10297594.21499096,4444444.444444444,2
2019-10-09,10422750.660547907,4444444.444444444,2
2019-10-10,10383813.099707969,4444444.444444444,2
2019-10-11,10269781.67153386,4444444.444444444,2
2019-10-14,10305937.97802809,4444444.444444444,2
2019-10-15,10267000.417188153,4444444.444444444,2
2019-10-16,10283687.943262411,4444444.444444444,2
2019-10-17,10280906.688916702,4444444.444444444,2
2019-10-18,10155750.243359756,4444444.444444444,2
2019-10-21,10155750.243359756,4444444.444444444,2
2019-10-22,9999867.55931687,4444444.444444444,2
2019-10-23,9905304.911562733,4444444.444444444,2
2019-10-24,9902523.657217024,4444444.444444444,2
2019-10-25,9960929.998476932,4444444.444444444,2
2019-10-28,9960929.998476932,4444444.444444444,2
2019-10-29,10077742.680996748,4444444.444444444,2
2019-10-30,10036023.865811098,4444444.444444444,2
2019-10-31,10010992.57669971,4444444.444444444,2
2019-11-01,10061055.15492249,4444444.444444444,2
2019-11-04,10138930.276602365,4444444.444444444,2
2019-11-05,10044367.628848229,4444444.444444444,2
2019-11-06,10077742.680996748,4444444.444444444,2
2019-11-07,10125024.004873816,4444444.444444444,2
2019-11-08,10138930.276602365,4444444.444444444,2
2019-11-11,10155617.802676626,4444444.444444444,2
2019-11-12,10155617.802676626,4444444.444444444,2
2019-11-13,10197336.617862273,4444444.444444444,2
2019-11-14,10119461.496182397,4444444.444444444,2
2019-11-15,10166742.820059465,4444444.444444444,2
2019-11-18,10211242.889590824,4444444.444444444,2
2019-11-19,10133367.767910946,4444444.444444444,2
2019-11-20,10122242.750528106,4444444.444444444,2
2019-11-21,10102773.970108137,4444444.444444444,2
2019-11-22,10074961.426651038,4444444.444444444,2
2019-11-25,10147274.039639495,4444444.444444444,2
2019-11-26,10091648.952725297,4444444.444444444,2
2019-11-27,10074961.426651038,4444444.444444444,2
2019-11-28,10072180.172305327,4444444.444444444,2
2019-11-29,10052711.391885359,4444444.444444444,2
2019-12-02,10044367.628848229,4444444.444444444,2
2019-12-03,10063836.409268199,4444444.444444444,2
2019-12-04,10049930.137539648,4444444.444444444,2
2019-12-05,10063836.409268199,4444444.444444444,2
2019-12-06,10069398.917959617,4444444.444444444,2
2019-12-09,10010992.57669971,4444444.444444444,2
2019-12-10,10008211.322354,4444444.444444444,2
2019-12-11,10033242.611465389,4444444.444444444,2
2019-12-12,9999867.55931687,4444444.444444444,2
2019-12-13,10072180.172305327,4444444.444444444,2
2019-12-16,10080523.935342457,4444444.444444444,2
2019-12-17,10066617.663613908,4444444.444444444,2
2019-12-18,10177867.837442305,4444444.444444444,2
2019-12-19,10113898.987490976,4444444.444444444,2
2019-12-20,10133367.767910946,4444444.444444444,2
2019-12-23,10122242.750528106,4444444.444444444,2
2019-12-24,10155617.802676626,4444444.444444444,2
2019-12-26,10077742.680996748,4444444.444444444,2
2019-12-27,10097211.461416718,4444444.444444444,2
2019-12-30,10200117.872207984,4444444.444444444,2
2019-12-31,10172305.328750886,4444444.444444444,2
2020-01-01,10314149.30038209,4444444.444444444,2
2020-01-02,10578368.463224532,4444444.444444444,2
2020-01-03,10528305.885001754,4444444.444444444,2
2020-01-06,10303024.282999251,4444444.444444444,2
2020-01-07,10392024.422061969,4444444.444444444,2
2020-01-08,10222367.906973664,4444444.444444444,2
2020-01-09,10405930.693790518,4444444.444444444,2
2020-01-10,10425399.474210488,4444444.444444444,2
2020-01-13,10436524.491593327,4444444.444444444,2
2020-01-14,10392024.422061969,4444444.444444444,2
2020-01-15,10436524.491593327,4444444.444444444,2
2020-01-16,10364211.878604868,4444444.444444444,2
2020-01-17,10422618.219864778,4444444.444444444,2
2020-01-20,10489368.324161815,4444444.444444444,2
2020-01-21,10617306.024064472,4444444.444444444,2
2020-01-22,10895431.458635462,4444444.444444444,2
2020-01-23,10839806.371721264,4444444.444444444,2
2020-01-24,10878743.932561204,4444444.444444444,2
2020-01-27,10756368.741349967,4444444.444444444,2
2020-01-28,10709087.417472899,4444444.444444444,2
2020-01-29,10570024.700187404,4444444.444444444,2
2020-01-30,10464337.035050426,4444444.444444444,2
2020-01-31,10405930.693790518,4444444.444444444,2
2020-02-03,10425399.474210488,4444444.444444444,2
2020-02-04,10361430.624259159,4444444.444444444,2
2020-02-05,10417055.711173357,4444444.444444444,2
2020-02-06,10631212.295793021,4444444.444444444,2
2020-02-07,10511618.358927494,4444444.444444444,2
2020-02-10,10417055.711173357,4444444.444444444,2
2020-02-11,10447649.508976165,4444444.444444444,2
2020-02-12,10839806.371721264,4444444.444444444,2
2020-02-13,10725774.943547158,4444444.444444444,2
2020-02-14,10773056.267424226,4444444.444444444,2
2020-02-17,10720212.434855737,4444444.444444444,2
2020-02-18,10572805.954533111,4444444.444444444,2
2020-02-19,10528305.885001754,4444444.444444444,2
2020-02-20,10411493.202481937,4444444.444444444,2
2020-02-21,10411493.202481937,4444444.444444444,2
2020-02-24,10369774.38729629,4444444.444444444,2
2020-02-25,10383680.659024838,4444444.444444444,2
2020-02-26,10392024.422061969,4444444.444444444,2
2020-02-27,10380899.404679129,4444444.444444444,2
2020-02-28,10280774.248233572,4444444.444444444,2
2020-03-02,10330836.82645635,4444444.444444444,2
2020-03-03,10277992.993887862,4444444.444444444,2
2020-03-04,10058273.900576778,4444444.444444444,2
2020-03-05,10136149.022256656,4444444.444444444,2
2020-03-06,10027680.10277397,4444444.444444444,2
2020-03-09,9835773.552919986,4444444.444444444,2
2020-03-10,9835773.552919986,4444444.444444444,2
2020-03-11,10013773.831045419,4444444.444444444,2
2020-03-12,9596585.679188933,4444444.444444444,2
2020-03-13,9618835.713954613,4444444.444444444,2
2020-03-16,9343491.53372933,4444444.444444444,2
2020-03-17,9201647.562098125,4444444.444444444,2
2020-03-18,9171053.764295315,4444444.444444444,2
2020-03-19,9137678.712146796,4444444.444444444,2
2020-03-20,9282303.938123712,4444444.444444444,2
2020-03-23,9212772.579480965,4444444.444444444,2
2020-03-24,9240585.122938063,4444444.444444444,2
2020-03-25,9282303.938123712,4444444.444444444,2
2020-03-26,9382429.09456927,4444444.444444444,2
2020-03-27,9396335.366297819,4444444.444444444,2
2020-03-30,9474210.487977697,4444444.444444444,2
2020-03-31,9585460.661806094,4444444.444444444,2
2020-04-01,9774585.957314366,4444444.444444444,2
2020-04-02,9774585.957314366,4444444.444444444,2
2020-04-03,9877492.368105633,4444444.444444444,2
2020-04-06,9877492.368105633,4444444.444444444,2
2020-04-07,9985961.28758832,4444444.444444444,2
2020-04-08,10008211.322354,4444444.444444444,2
2020-04-09,9983180.03324261,4444444.444444444,2
2020-04-13,9869148.605068505,4444444.444444444,2
2020-04-14,9869148.605068505,4444444.444444444,2
2020-04-15,9802398.500771467,4444444.444444444,2
2020-04-16,9899742.402871313,4444444.444444444,2
2020-04-17,9866367.350722793,4444444.444444444,2
2020-04-20,9819086.026845725,4444444.444444444,2
2020-04-21,9796835.992080046,4444444.444444444,2
2020-04-22,9771804.702968657,4444444.444444444,2
2020-04-23,9782929.720351497,4444444.444444444,2
2020-04-24,9716179.616054459,4444444.444444444,2
2020-04-27,9666117.03783168,4444444.444444444,2
2020-04-28,9741210.905165847,4444444.444444444,2
2020-04-29,9802398.500771467,4444444.444444444,2
2020-04-30,9869148.605068505,4444444.444444444,2
2020-05-01,9869148.605068505,4444444.444444444,2
2020-05-04,9807961.009462886,4444444.444444444,2
2020-05-05,9763460.939931527,4444444.444444444,2
2020-05-06,9799617.246425755,4444444.444444444,2
2020-05-07,9788492.229042917,4444444.444444444,2
2020-05-08,9819086.026845725,4444444.444444444,2
2020-05-11,9782929.720351497,4444444.444444444,2
2020-05-12,9805179.755117176,4444444.444444444,2
2020-05-13,9852461.078994244,4444444.444444444,2
2020-05-14,9827429.789882855,4444444.444444444,2
2020-05-15,9827429.789882855,4444444.444444444,2
2020-05-18,9830211.044228565,4444444.444444444,2
2020-05-19,9771804.702968657,4444444.444444444,2
2020-05-20,9813523.518154306,4444444.444444444,2
2020-05-21,9777367.211660076,4444444.444444444,2
2020-05-22,9832992.298574276,4444444.444444444,2
2020-05-26,9794054.737734336,4444444.444444444,2
2020-05-27,9791273.483388627,4444444.444444444,2
2020-05-28,9802398.500771467,4444444.444444444,2
2020-05-29,9858023.587685663,4444444.444444444,2
2020-06-01,9905304.911562733,4444444.444444444,2
2020-06-02,9949804.981094092,4444444.444444444,2
2020-06-03,9921992.437636994,4444444.444444444,2
2020-06-04,9899742.402871313,4444444.444444444,2
2020-06-05,10111117.733145267,4444444.444444444,2
2020-06-08,10353086.861222029,4444444.444444444,2
2020-06-09,10300243.028653542,4444444.444444444,2
2020-06-10,10350305.60687632,4444444.444444444,2
2020-06-11,10141711.530948076,4444444.444444444,2
2020-06-12,10247399.196085053,4444444.444444444,2
2020-06-15,10188992.854825145,4444444.444444444,2
2020-06-16,10252961.704776473,4444444.444444444,2
2020-06-17,10380899.404679129,4444444.444444444,2
2020-06-18,10533868.393693173,4444444.444444444,2
2020-06-19,10595055.98929879,4444444.444444444,2
2020-06-22,10608962.261027342,4444444.444444444,2
2020-06-23,10539430.902384594,4444444.444444444,2
2020-06-24,10736899.960929997,4444444.444444444,2
2020-06-25,10761931.250041386,4444444.444444444,2
2020-06-26,10764712.504387096,4444444.444444444,2
2020-06-29,10714649.926164318,4444444.444444444,2
2020-06-30,10595055.98929879,4444444.444444444,2
2020-07-01,10887087.695598332,4444444.444444444,2
2020-07-02,11206931.945354972,4444444.444444444,2
2020-07-03,11382150.969134698,4444444.444444444,2
2020-07-06,11565713.755951552,4444444.444444444,2
2020-07-07,11526776.195111614,4444444.444444444,2
2020-07-08,11395858.579838553,4444444.444444444,2
2020-07-09,11331889.729887227,4444444.444444444,2
2020-07-10,11315202.203812966,4444444.444444444,2
2020-07-13,11429233.631987073,4444444.444444444,2
2020-07-14,11373608.545072876,4444444.444444444,2
2020-07-15,11404202.342875684,4444444.444444444,2
2020-07-16,11279045.897318738,4444444.444444444,2
2020-07-17,11292952.169047287,4444444.444444444,2
2020-07-20,11344239.823589008,4444444.444444444,2
2020-07-21,11271927.210600551,4444444.444444444,2
2020-07-22,11283052.22798339,4444444.444444444,2
2020-07-23,11266364.70190913,4444444.444444444,2
2020-07-24,11224645.886723481,4444444.444444444,2
2020-07-27,11221864.632377774,4444444.444444444,2
2020-07-28,11174583.308500703,4444444.444444444,2
2020-07-29,11271927.210600551,4444444.444444444,2
2020-07-30,11455489.997417405,4444444.444444444,2
2020-07-31,11658521.56465423,4444444.444444444,2
2020-08-03,11869896.894928183,4444444.444444444,2
2020-08-04,12092397.242584977,4444444.444444444,2
2020-08-05,12326022.607624609,4444444.444444444,2
2020-08-06,12381647.694538807,4444444.444444444,2
2020-08-07,12629179.33130699,4444444.444444444,2
2020-08-10,12890617.23980372,4444444.444444444,2
2020-08-11,13165961.420029003,4444444.444444444,2
2020-08-12,12982398.63321215,4444444.444444444,2
2020-08-13,12960148.59844647,4444444.444444444,2
2020-08-14,12860023.442000913,4444444.444444444,2
2020-08-17,13060273.754892025,4444444.444444444,2
2020-08-18,12960148.59844647,4444444.444444444,2
2020-08-19,12921211.03760653,4444444.444444444,2
2020-08-20,12932336.05498937,4444444.444444444,2
2020-08-21,12923992.291952241,4444444.444444444,2
2020-08-24,12898961.00284085,4444444.444444444,2
2020-08-25,12910086.020223692,4444444.444444444,2
2020-08-26,13185430.200448971,4444444.444444444,2
2020-08-27,13455211.871982835,4444444.444444444,2
2020-08-28,13619305.87837972,4444444.444444444,2
2020-08-31,13307805.39166021,4444444.444444444,2
2020-09-01,13012992.431014959,4444444.444444444,2
2020-09-02,12732085.742098257,4444444.444444444,2
2020-09-03,12759898.285555355,4444444.444444444,2
2020-09-04,12701491.944295447,4444444.444444444,2
2020-09-07,12545741.700935692,4444444.444444444,2
2020-09-08,12562429.227009952,4444444.444444444,2
2020-09-09,12401116.474958777,4444444.444444444,2
2020-09-10,12559647.97266424,4444444.444444444,2
2020-09-11,12587460.516121339,4444444.444444444,2
2020-09-14,12634741.83999841,4444444.444444444,2
2020-09-15,12771023.302938195,4444444.444444444,2
2020-09-16,12672123.222811582,4444444.444444444,2
2020-09-17,12533060.505526084,4444444.444444444,2
2020-09-18,12466310.401229048,4444444.444444444,2
2020-09-21,12407904.059969138,4444444.444444444,2
2020-09-22,12213216.255769446,4444444.444444444,2
2020-09-23,12193747.475349477,4444444.444444444,2
2020-09-24,11985153.399421234,4444444.444444444,2
2020-09-25,12140903.642780988,4444444.444444444,2
2020-09-28,12382872.770857751,4444444.444444444,2
2020-09-29,12569216.812020315,4444444.444444444,2
2020-09-30,12594248.101131704,4444444.444444444,2
2020-10-01,12627623.153280223,4444444.444444444,2
2020-10-02,12627623.153280223,4444444.444444444,2
2020-10-05,12744435.83580004,4444444.444444444,2
2020-10-06,12791717.159677107,4444444.444444444,2
2020-10-07,12660998.205428742,4444444.444444444,2
2020-10-08,12566435.557674605,4444444.444444444,2
2020-10-09,12474654.164266177,4444444.444444444,2
2020-10-12,12482997.927303307,4444444.444444444,2
2020-10-13,12388435.27954917,4444444.444444444,2
2020-10-14,12343935.210017812,4444444.444444444,2
2020-10-15,12246591.307917964,4444444.444444444,2
2020-10-16,12335591.446980681,4444444.444444444,2
2020-10-19,12380091.51651204,4444444.444444444,2
2020-10-20,12343935.210017812,4444444.444444444,2
2020-10-21,12349497.71870923,4444444.444444444,2
2020-10-22,12282747.614412192,4444444.444444444,2
2020-10-23,12277185.105720773,4444444.444444444,2
2020-10-26,12291091.377449322,4444444.444444444,2
2020-10-27,12335591.446980681,4444444.444444444,2
2020-10-28,12335591.446980681,4444444.444444444,2
2020-10-29,12279966.360066485,4444444.444444444,2
2020-10-30,12318903.920906423,4444444.444444444,2
2020-11-02,12246591.307917964,4444444.444444444,2
2020-11-03,12152028.660163827,4444444.444444444,2
2020-11-04,12174278.694929507,4444444.444444444,2
2020-11-05,12238247.544880835,4444444.444444444,2
2020-11-06,11990715.908112653,4444444.444444444,2
2020-11-09,11937872.075544164,4444444.444444444,2
2020-11-10,11726496.745270211,4444444.444444444,2
2020-11-11,11517902.669341967,4444444.444444444,2
2020-11-12,11729277.99961592,4444444.444444444,2
2020-11-13,11918403.295124196,4444444.444444444,2
2020-11-16,11918403.295124196,4444444.444444444,2
2020-11-17,11732059.25396163,4444444.444444444,2
2020-11-18,11762653.05176444,4444444.444444444,2
2020-11-19,11801590.612604378,4444444.444444444,2
2020-11-20,11757090.54307302,4444444.444444444,2
2020-11-23,11637496.606207494,4444444.444444444,2
2020-11-24,11648621.623590332,4444444.444444444,2
2020-11-25,11615246.571441814,4444444.444444444,2
2020-11-26,11793246.84956725,4444444.444444444,2
2020-11-27,11851653.190827157,4444444.444444444,2
2020-11-30,11851653.190827157,4444444.444444444,2
2020-12-01,11873903.225592837,4444444.444444444,2
2020-12-02,11841753.249763262,4444444.444444444,2
2020-12-03,12075378.614802893,4444444.444444444,2
2020-12-04,11994722.238777306,4444444.444444444,2
2020-12-07,12111534.921297122,4444444.444444444,2
2020-12-08,12080941.123494312,4444444.444444444,2
2020-12-09,12083722.377840023,4444444.444444444,2
2020-12-10,12008628.510505855,4444444.444444444,2
2020-12-11,12064253.597420054,4444444.444444444,2
2020-12-14,12306222.725496817,4444444.444444444,2
2020-12-15,12178285.02559416,4444444.444444444,2
2020-12-16,12167160.00821132,4444444.444444444,2
2020-12-17,12222785.095125519,4444444.444444444,2
2020-12-18,12186628.78863129,4444444.444444444,2
2020-12-21,11850097.01280039,4444444.444444444,2
2020-12-22,11825065.723689001,4444444.444444444,2
2020-12-23,11833409.486726131,4444444.444444444,2
2020-12-24,11777784.399811931,4444444.444444444,2
2020-12-28,11889034.573640328,4444444.444444444,2
2020-12-29,11886253.31929462,4444444.444444444,2
2020-12-30,12061472.343074344,4444444.444444444,2
2020-12-31,12108753.666951412,4444444.444444444,2
2021-01-01,12236691.366854068,4444444.444444444,2
2021-01-04,12125441.193025671,4444444.444444444,2
2021-01-05,12108753.666951412,4444444.444444444,2
2021-01-06,12050347.325691504,4444444.444444444,2
2021-01-07,12108753.666951412,4444444.444444444,2
2021-01-08,12094847.395222863,4444444.444444444,2
2021-01-11,11991940.984431596,4444444.444444444,2
2021-01-12,12061472.343074344,4444444.444444444,2
2021-01-13,11975253.458357336,4444444.444444444,2
2021-01-14,11930753.388825977,4444444.444444444,2
2021-01-15,11925190.880134558,4444444.444444444,2
2021-01-18,11802815.688923322,4444444.444444444,2
2021-01-19,11861222.03018323,4444444.444444444,2
2021-01-20,11805596.943269031,4444444.444444444,2
2021-01-21,11752753.110700544,4444444.444444444,2
2021-01-22,11747190.602009123,4444444.444444444,2
2021-01-25,11599784.121686498,4444444.444444444,2
2021-01-26,11599784.121686498,4444444.444444444,2
2021-01-27,11649846.699909277,4444444.444444444,2
2021-01-28,11691565.515094925,4444444.444444444,2
2021-01-29,11752753.110700544,4444444.444444444,2
2021-02-01,11705471.786823474,4444444.444444444,2
2021-02-02,11719378.058552023,4444444.444444444,2
2021-02-03,11944659.660554528,4444444.444444444,2
2021-02-04,12042003.562654374,4444444.444444444,2
2021-02-05,11922409.625788849,4444444.444444444,2
2021-02-08,11955784.677937366,4444444.444444444,2
2021-02-09,11825065.723689001,4444444.444444444,2
2021-02-10,11819503.214997582,4444444.444444444,2
2021-02-11,11566409.069537979,4444444.444444444,2
2021-02-12,11613690.393415047,4444444.444444444,2
2021-02-15,11563627.81519227,4444444.444444444,2
2021-02-16,11566409.069537979,4444444.444444444,2
2021-02-17,11508002.72827807,4444444.444444444,2
2021-02-18,11488533.9478581,4444444.444444444,2
2021-02-19,11513565.23696949,4444444.444444444,2
2021-02-22,11438471.369635323,4444444.444444444,2
2021-02-23,11327221.195806926,4444444.444444444,2
2021-02-24,11494096.456549522,4444444.444444444,2
2021-02-25,11524690.254352331,4444444.444444444,2
2021-02-26,11410658.826178223,4444444.444444444,2
2021-03-01,11419002.589215353,4444444.444444444,2
2021-03-02,11630377.919489307,4444444.444444444,2
2021-03-03,12144909.973445643,4444444.444444444,2
2021-03-04,12078159.869148605,4444444.444444444,2
2021-03-05,11911284.608406007,4444444.444444444,2
2021-03-08,12158816.245174192,4444444.444444444,2
2021-03-09,12067034.851765763,4444444.444444444,2
2021-03-10,12094847.395222863,4444444.444444444,2
2021-03-11,12094847.395222863,4444444.444444444,2
2021-03-12,11875128.301911779,4444444.444444444,2
2021-03-15,11772221.891120512,4444444.444444444,2
2021-03-16,11825065.723689001,4444444.444444444,2
2021-03-17,11591440.35864937,4444444.444444444,2
2021-03-18,11599784.121686498,4444444.444444444,2
2021-03-19,11649846.699909277,4444444.444444444,2
2021-03-22,11602565.376032207,4444444.444444444,2
2021-03-23,11641502.936872147,4444444.444444444,2
2021-03-24,11610909.139069337,4444444.444444444,2
2021-03-25,11482971.439166682,4444444.444444444,2
2021-03-26,11510783.982623782,4444444.444444444,2
2021-03-29,11510783.982623782,4444444.444444444,2
2021-03-30,11471846.421783842,4444444.444444444,2
2021-03-31,11897378.336677458,4444444.444444444,2
2021-04-01,11939097.151863107,4444444.444444444,2
2021-04-05,11869565.79322036,4444444.444444444,2
2021-04-06,11930753.388825977,4444444.444444444,2
2021-04-07,11880690.8106032,4444444.444444444,2
2021-04-08,11925190.880134558,4444444.444444444,2
2021-04-09,12039222.308308665,4444444.444444444,2
2021-04-12,11719378.058552023,4444444.444444444,2
2021-04-13,11702690.532477766,4444444.444444444,2
2021-04-14,11702690.532477766,4444444.444444444,2
2021-04-15,12053128.580037214,4444444.444444444,2
2021-04-16,12008628.510505855,4444444.444444444,2
2021-04-19,11691565.515094925,4444444.444444444,2
2021-04-20,11697128.023786344,4444444.444444444,2
2021-04-21,11697128.023786344,4444444.444444444,2
2021-04-22,11691565.515094925,4444444.444444444,2
2021-04-23,11855659.52149181,4444444.444444444,2
2021-04-26,11927972.134480268,4444444.444444444,2
2021-04-27,12128222.447371382,4444444.444444444,2
2021-04-28,12094847.395222863,4444444.444444444,2
2021-04-29,11969690.949665915,4444444.444444444,2
2021-04-30,12153253.736482771,4444444.444444444,2
2021-05-03,12912536.172861578,4444444.444444444,2
2021-05-04,12645535.755673427,4444444.444444444,2
2021-05-05,12717848.368661884,4444444.444444444,2
2021-05-06,12634410.738290586,4444444.444444444,2
2021-05-07,12773473.45557608,4444444.444444444,2
2021-05-10,12848567.32291025,4444444.444444444,2
2021-05-11,13922131.500354275,4444444.444444444,2
2021-05-12,14261444.530530885,4444444.444444444,2
2021-05-13,14261444.530530885,4444444.444444444,2
2021-05-14,14770414.0757958,4444444.444444444,2
2021-05-17,14578507.525941817,4444444.444444444,2
2021-05-18,14539569.965101877,4444444.444444444,2
2021-05-19,14353225.923939314,4444444.444444444,2
2021-05-20,14514538.675990488,4444444.444444444,2
2021-05-21,14534007.456410456,4444444.444444444,2
2021-05-24,14297600.837025113,4444444.444444444,2
2021-05-25,14344882.160902184,4444444.444444444,2
2021-05-26,14292038.328333694,4444444.444444444,2
2021-05-27,14292038.328333694,4444444.444444444,2
2021-05-28,14344882.160902184,4444444.444444444,2
2021-05-31,14300382.091370825,4444444.444444444,2
2021-06-01,14123937.991272157,4444444.444444444,2
2021-06-02,14805345.305971086,4444444.444444444,2
2021-06-03,14513313.599671545,4444444.444444444,2
2021-06-04,14466032.275794476,4444444.444444444,2
2021-06-07,14549469.906165775,4444444.444444444,2
2021-06-08,14685751.369105559,4444444.444444444,2
2021-06-09,14424313.460608829,4444444.444444444,2
2021-06-10,14485501.056214444,4444444.444444444,2
2021-06-11,14514869.777698312,4444444.444444444,2
2021-06-14,14517651.032044023,4444444.444444444,2
2021-06-15,14564932.35592109,4444444.444444444,2
2021-06-16,14509307.269006893,4444444.444444444,2
2021-06-17,14439775.910364144,4444444.444444444,2
2021-06-18,14359119.534338556,4444444.444444444,2
2021-06-21,14439775.910364144,4444444.444444444,2
2021-06-22,14403619.603869915,4444444.444444444,2
2021-06-23,14364682.043029975,4444444.444444444,2
2021-06-24,14413519.54493381,4444444.444444444,2
2021-06-25,14786207.62725894,4444444.444444444,2
2021-06-28,14680519.962121964,4444444.444444444,2
2021-06-29,14544238.499182178,4444444.444444444,2
2021-06-30,14701544.920568697,4444444.444444444,2
2021-07-01,14704326.174914408,4444444.444444444,2
2021-07-02,14768295.024865737,4444444.444444444,2
2021-07-05,15644390.143764362,4444444.444444444,2
2021-07-06,15446921.085218955,4444444.444444444,2
2021-07-07,15747296.554555627,4444444.444444444,2
2021-07-08,15572077.5307759,4444444.444444444,2
2021-07-09,15446921.085218955,4444444.444444444,2
2021-07-12,15541483.732973091,4444444.444444444,2
2021-07-13,16092172.093423655,4444444.444444444,2
2021-07-14,16005953.208706649,4444444.444444444,2
2021-07-15,15722265.265444238,4444444.444444444,2
2021-07-16,15916953.06964393,4444444.444444444,2
2021-07-19,15847421.711001184,4444444.444444444,2
2021-07-20,15691671.467641428,4444444.444444444,2
2021-07-21,15691671.467641428,4444444.444444444,2
2021-07-22,15716702.756752817,4444444.444444444,2
2021-07-23,15761202.826284178,4444444.444444444,2
2021-07-26,15941984.35875532,4444444.444444444,2
2021-07-27,16014495.63276847,4444444.444444444,2
2021-07-28,15897682.950248655,4444444.444444444,2
2021-07-29,16042308.176225571,4444444.444444444,2
2021-07-30,15906026.713285785,4444444.444444444,2
2021-08-02,15961651.800199984,4444444.444444444,2
2021-08-03,15925495.493705753,4444444.444444444,2
2021-08-04,15861526.643754426,4444444.444444444,2
2021-08-05,15747495.215580322,4444444.444444444,2
2021-08-06,15919932.985014334,4444444.444444444,2
2021-08-09,14810212.50107608,4444444.444444444,2
2021-08-10,14615524.696876384,4444444.444444444,2
2021-08-11,14351305.534033943,4444444.444444444,2
2021-08-12,14715649.853321942,4444444.444444444,2
2021-08-13,14226149.088476997,4444444.444444444,2
2021-08-16,14137148.94941428,4444444.444444444,2
2021-08-17,14073180.099462952,4444444.444444444,2
2021-08-18,13989742.469091654,4444444.444444444,2
2021-08-19,13989742.469091654,4444444.444444444,2
2021-08-20,13859023.514843289,4444444.444444444,2
2021-08-23,13630960.658495076,4444444.444444444,2
2021-08-24,13583679.334618006,4444444.444444444,2
2021-08-25,13792273.41054625,4444444.444444444,2
2021-08-26,14331836.753613973,4444444.444444444,2
2021-08-27,14490566.912344132,4444444.444444444,2
2021-08-30,14824516.094854016,4444444.444444444,2
2021-08-31,14682672.12322281,4444444.444444444,2
2021-09-01,14499109.336405955,0.0,3
2021-09-02,14838516.582515687,0.0,3
2021-09-03,14719450.254875632,0.0,3
2021-09-06,14657757.66186849,0.0,3
2021-09-07,14782062.395390028,0.0,3
2021-09-08,14990188.083536476,0.0,3
2021-09-09,14987338.993718918,0.0,3
2021-09-10,14987338.993718918,0.0,3
2021-09-13,14861308.224302616,0.0,3
2021-09-14,14980005.225484837,0.0,3
2021-09-15,15503169.343233649,0.0,3
2021-09-16,15213964.114927717,0.0,3
2021-09-17,14935239.46702208,0.0,3
2021-09-20,15013574.362455584,0.0,3
2021-09-21,14979257.150975863,0.0,3
2021-09-22,14971603.048569173,0.0,3
2021-09-23,15300471.300400073,0.0,3
2021-09-24,15417766.368497463,0.0,3
2021-09-27,15252982.701470139,0.0,3
2021-09-28,15083876.407431256,0.0,3
2021-09-29,15182324.520267272,0.0,3
2021-09-30,15197150.339503076,0.0,3
2021-10-01,15137387.288806237,0.0,3
2021-10-04,15087072.211882694,0.0,3
2021-10-05,15082199.363821715,0.0,3
2021-10-06,15048112.039218806,0.0,3
2021-10-07,15331767.949063959,0.0,3
2021-10-08,15490208.999473628,0.0,3
2021-10-11,15521907.008012608,0.0,3
2021-10-12,15393532.146180272,0.0,3
2021-10-13,15810638.464769136,0.0,3
2021-10-14,15596986.877550997,0.0,3
2021-10-15,15596986.877550997,0.0,3
2021-10-18,15732213.122039836,0.0,3
2021-10-19,15551706.7000934,0.0,3
2021-10-20,15281785.588978523,0.0,3
2021-10-21,15269533.749035563,0.0,3
2021-10-22,15266454.772341194,0.0,3
2021-10-25,15098956.878874864,0.0,3
2021-10-26,15103807.115111895,0.0,3
2021-10-27,15139940.809782175,0.0,3
2021-10-28,14930770.132343234,0.0,3
2021-10-29,14920771.937520515,0.0,3
2021-11-01,15033861.20636342,0.0,3
2021-11-02,15031079.952017708,0.0,3
2021-11-03,15072041.271101069,0.0,3
2021-11-04,15201196.240859639,0.0,3
2021-11-05,15201196.240859639,0.0,3
2021-11-08,15345501.132663947,0.0,3
2021-11-09,15514332.316178119,0.0,3
2021-11-10,14669957.81764242,0.0,3
2021-11-11,14775680.477268843,0.0,3
2021-11-12,15103235.628180426,0.0,3
2021-11-15,14873103.789940892,0.0,3
2021-11-16,14994031.824419402,0.0,3
2021-11-17,15062896.134255659,0.0,3
2021-11-18,14808513.11483097,0.0,3
2021-11-19,14808513.11483097,0.0,3
2021-11-22,14455154.373344794,0.0,3
2021-11-23,14562473.858443411,0.0,3
2021-11-24,14832372.357734343,0.0,3
2021-11-25,14752473.477811042,0.0,3
2021-11-26,14406998.725608367,0.0,3
2021-11-29,14044169.398524942,0.0,3
2021-11-30,14184129.051493745,0.0,3
2021-12-01,14302023.332925778,0.0,3
2021-12-02,14618179.163494954,0.0,3
2021-12-03,14844772.251286492,0.0,3
2021-12-06,14695986.449702984,0.0,3
2021-12-07,14756921.546607839,0.0,3
2021-12-08,15212108.868610388,0.0,3
2021-12-09,15997990.347227708,0.0,3
2021-12-10,15711426.933686465,0.0,3
2021-12-13,16034191.877369832,0.0,3
2021-12-14,15991116.352747252,0.0,3
2021-12-15,15780705.79362845,0.0,3
2021-12-16,15381995.270575507,0.0,3
2021-12-17,15273756.237969633,0.0,3
2021-12-20,14939636.390026612,0.0,3
2021-12-21,14878746.516769655,0.0,3
2021-12-22,15357875.722508341,0.0,3
2021-12-23,15377826.888505884,0.0,3
2021-12-24,15745830.554636274,0.0,3
2021-12-27,16100365.110967794,0.0,3
2021-12-28,16642370.531021994,0.0,3
2021-12-29,16628286.594962418,0.0,3
2021-12-30,16735560.856413139,0.0,3
2021-12-31,16662649.030090038,0.0,3
2022-01-03,16962429.054729387,0.0,3
2022-01-04,16936568.66540654,0.0,3
2022-01-05,16968587.00811813,0.0,3
2022-01-06,17017247.653256077,0.0,3
2022-01-07,16758244.28447117,0.0,3
2022-01-10,16762657.358778525,0.0,3
2022-01-11,17093490.95497431,0.0,3
2022-01-12,17253318.325542748,0.0,3
2022-01-13,17175235.928810008,0.0,3
2022-01-14,17640932.634369552,0.0,3
2022-01-17,17927609.107030537,0.0,3
2022-01-18,17621806.799946137,0.0,3
2022-01-19,17820267.010107968,0.0,3
2022-01-20,17649758.782984257,0.0,3
2022-01-21,17748925.35960741,0.0,3
2022-01-24,17316127.51195156,0.0,3
2022-01-25,17514930.668109946,0.0,3
2022-01-26,17514930.668109946,0.0,3
2022-01-27,17466612.968968555,0.0,3
2022-01-28,17730034.795828417,0.0,3
2022-01-31,17844829.10387242,0.0,3
2022-02-01,18317466.02425398,0.0,3
2022-02-02,18334888.43460658,0.0,3
2022-02-03,18782169.15550167,0.0,3
2022-02-04,18504661.77745195,0.0,3
2022-02-07,18723762.814241767,0.0,3
2022-02-08,18930151.429769855,0.0,3
2022-02-09,19370697.595765516,0.0,3
2022-02-10,19482428.540041205,0.0,3
2022-02-11,19270224.109555792,0.0,3
2022-02-14,18995407.538555987,0.0,3
2022-02-15,18877260.758423187,0.0,3
2022-02-16,19147181.86953807,0.0,3
2022-02-17,19485414.646744356,0.0,3
2022-02-18,19544212.926286045,0.0,3
2022-02-21,19492926.079309464,0.0,3
2022-02-22,19795551.963505805,0.0,3
2022-02-23,20482129.579425998,0.0,3
2022-02-24,20327037.77084456,0.0,3
2022-02-25,21231056.608001366,0.0,3
2022-02-28,22132820.99247279,0.0,3
2022-03-01,22132820.99247279,0.0,3
2022-03-02,22734412.606457945,0.0,3
2022-03-03,23330278.045216434,0.0,3
2022-03-04,24032659.44175821,0.0,3
2022-03-07,24543958.812455,0.0,3
2022-03-08,25823482.788337227,0.0,3
2022-03-09,26555256.325751964,0.0,3
2022-03-10,27494613.136726752,0.0,3
2022-03-11,28394476.782044575,0.0,3
2022-03-14,29401172.143115833,0.0,3
2022-03-15,29978679.203523263,0.0,3
2022-03-16,31466257.80181953,0.0,3
2022-03-17,32616790.47447843,0.0,3
2022-03-18,32616790.47447843,0.0,3
2022-03-21,32819317.044313733,0.0,3
2022-03-22,34022691.93441085,0.0,3
2022-03-23,35189633.79235874,0.0,3
2022-03-24,36992655.94876979,0.0,3
2022-03-25,37800551.922319986,0.0,3
2022-03-28,39038025.71212036,0.0,3
2022-03-29,40239174.95268879,0.0,3
2022-03-30,41822990.01208817,0.0,3
2022-03-31,41488366.78187391,0.0,3
2022-04-01,40518276.7335153,0.0,3
2022-04-04,41110661.297327556,0.0,3
2022-04-05,41312520.818356365,0.0,3
2022-04-06,41297190.001719035,0.0,3
2022-04-07,41380491.96114664,0.0,3
2022-04-08,41639058.16800187,0.0,3
2022-04-11,42391059.597069144,0.0,3
2022-04-12,42479370.07550141,0.0,3
2022-04-13,42358671.927899726,0.0,3
2022-04-14,42358671.927899726,0.0,3
2022-04-18,43466082.237157874,0.0,3
2022-04-19,43947518.11812772,0.0,3
2022-04-20,44603325.07947922,0.0,3
2022-04-21,44327197.02269037,0.0,3
2022-04-22,44108808.25835495,0.0,3
2022-04-25,43690255.859786876,0.0,3
2022-04-26,43678878.34370327,0.0,3
2022-04-27,43555470.545865044,0.0,3
2022-04-28,43082378.42793232,0.0,3
2022-04-29,41831303.89521509,0.0,3
2022-05-02,41359591.09854324,0.0,3
2022-05-03,41359591.09854324,0.0,3
2022-05-04,42064982.02117727,0.0,3
2022-05-05,41949985.821848005,0.0,3
2022-05-06,41947849.00448485,0.0,3
2022-05-09,40350814.91129193,0.0,3
2022-05-10,40159813.10358428,0.0,3
2022-05-11,41265669.3883227,0.0,3
2022-05-12,42709634.08523571,0.0,3
2022-05-13,42380261.64356842,0.0,3
2022-05-16,42694980.54656331,0.0,3
2022-05-17,43462037.68174321,0.0,3
2022-05-18,43583862.65190502,0.0,3
2022-05-19,43129779.54063864,0.0,3
2022-05-20,43230986.29599642,0.0,3
2022-05-23,43100267.34174806,0.0,3
2022-05-24,42886728.813649654,0.0,3
2022-05-25,42399180.20293897,0.0,3
2022-05-26,42323374.06315041,0.0,3
2022-05-27,42369321.289414495,0.0,3
2022-05-30,42730311.521483414,0.0,3
2022-05-31,42494134.78897488,0.0,3
2022-06-01,43146033.67342055,0.0,3
2022-06-02,43407543.186026454,0.0,3
2022-06-03,43088087.105914265,0.0,3
2022-06-06,43225495.39141417,0.0,3
2022-06-07,42974146.12503596,0.0,3
2022-06-08,42965802.361998826,0.0,3
2022-06-09,42969341.11244682,0.0,3
2022-06-10,42916037.506124705,0.0,3
2022-06-13,42374815.962634064,0.0,3
2022-06-14,42126270.56242552,0.0,3
2022-06-15,42245061.77954085,0.0,3
2022-06-16,41756224.29486508,0.0,3
2022-06-17,41685773.38871507,0.0,3
2022-06-20,41345333.53597835,0.0,3
2022-06-21,41688279.532536075,0.0,3
2022-06-22,39914101.71864398,0.0,3
2022-06-23,40027123.15201503,0.0,3
2022-06-24,40170531.108136036,0.0,3
2022-06-27,40144832.77021816,0.0,3
2022-06-28,40257439.65348349,0.0,3
2022-06-29,40111664.9931225,0.0,3
2022-06-30,40081093.80714364,0.0,3
2022-07-01,40103321.23008537,0.0,3
2022-07-04,40388252.82366497,0.0,3
2022-07-05,40421925.598162144,0.0,3
2022-07-06,40249303.16549922,0.0,3
2022-07-07,40341291.83396051,0.0,3
2022-07-08,40291044.592508815,0.0,3
2022-07-11,39445874.91149759,0.0,3
2022-07-12,39945976.85313723,0.0,3
2022-07-13,39985901.79695627,0.0,3
2022-07-14,38895312.26202065,0.0,3
2022-07-15,38705587.753177725,0.0,3
2022-07-18,38918297.18106466,0.0,3
2022-07-19,37795062.09449126,0.0,3
2022-07-20,36617002.218058415,0.0,3
2022-07-21,35177408.60206544,0.0,3
2022-07-22,35029105.186059505,0.0,3
2022-07-25,34809453.92822027,0.0,3
2022-07-26,35037809.66152629,0.0,3
2022-07-27,34946763.1523962,0.0,3
2022-07-28,34993769.36574856,0.0,3
2022-07-29,35364622.12169651,0.0,3
2022-08-01,35599144.42241945,0.0,3
2022-08-02,35461001.25264121,0.0,3
2022-08-03,35467713.195716694,0.0,3
2022-08-04,35218730.63357846,0.0,3
2022-08-05,35924969.49961056,0.0,3
2022-08-08,36223253.37523197,0.0,3
2022-08-09,36223253.37523197,0.0,3
2022-08-10,35375381.58125885,0.0,3
2022-08-11,36589925.097256415,0.0,3
2022-08-12,36733815.438954994,0.0,3
2022-08-15,36733815.438954994,0.0,3
2022-08-16,36526231.3578298,0.0,3
2022-08-17,36640677.33610964,0.0,3
2022-08-18,36686394.675496906,0.0,3
2022-08-19,36571398.47616765,0.0,3
2022-08-22,37479493.63296799,0.0,3
2022-08-23,36758898.14304703,0.0,3
2022-08-24,36283376.33079333,0.0,3
2022-08-25,36446667.61744002,0.0,3
2022-08-26,36278895.42101412,0.0,3
2022-08-29,36183688.33627745,0.0,3
2022-08-30,36278503.48273235,0.0,3
2022-08-31,36278503.48273235,0.0,3
2022-09-01,36360769.06689563,0.0,4
2022-09-02,36537412.63558413,0.0,4
2022-09-05,36821794.00811431,0.0,4
2022-09-06,36624415.3968647,0.0,4
2022-09-07,36205347.77173665,0.0,4
2022-09-08,36121013.20568205,0.0,4
2022-09-09,35968688.653650545,0.0,4
2022-09-12,35249122.540096015,0.0,4
2022-09-13,36710991.22537404,0.0,4
2022-09-14,37261219.81207097,0.0,4
2022-09-15,38297095.19357147,0.0,4
2022-09-16,37594722.94943462,0.0,4
2022-09-19,36553649.001932934,0.0,4
2022-09-20,37515142.788553655,0.0,4
2022-09-21,38601489.91461506,0.0,4
2022-09-22,37536200.58798279,0.0,4
2022-09-23,38477692.60119047,0.0,4
2022-09-26,37811426.863697484,0.0,4
2022-09-27,37942537.75622763,0.0,4
2022-09-28,38533492.929740265,0.0,4
2022-09-29,38458191.78735323,0.0,4
2022-09-30,38494325.482023515,0.0,4
2022-10-03,38444813.12485016,0.0,4
2022-10-04,38359857.54120211,0.0,4
2022-10-05,38359857.54120211,0.0,4
2022-10-06,38437642.21558619,0.0,4
2022-10-07,37897454.086287685,0.0,4
2022-10-10,37824451.81266879,0.0,4
2022-10-11,37828013.174940735,0.0,4
2022-10-12,38090325.40729682,0.0,4
2022-10-13,38057410.12890193,0.0,4
2022-10-14,37710280.94491366,0.0,4
2022-10-17,38499489.05353527,0.0,4
2022-10-18,38004599.6756926,0.0,4
2022-10-19,37908473.04344867,0.0,4
2022-10-20,37901968.375426054,0.0,4
2022-10-21,37784511.25592369,0.0,4
2022-10-24,37873741.28186322,0.0,4
2022-10-25,38131776.11085565,0.0,4
2022-10-26,38131776.11085565,0.0,4
2022-10-27,38347059.51803543,0.0,4
2022-10-28,38354231.23486455,0.0,4
2022-10-31,37951797.29813469,0.0,4
2022-11-01,37704265.66136651,0.0,4
2022-11-02,37647217.64467382,0.0,4
2022-11-03,37654344.13785503,0.0,4
2022-11-04,37535277.81021498,0.0,4
2022-11-07,37662733.12454005,0.0,4
2022-11-08,37662733.12454005,0.0,4
2022-11-09,37741045.408149615,0.0,4
2022-11-10,37844664.09139527,0.0,4
2022-11-11,37727533.497398265,0.0,4
2022-11-14,37535657.365831256,0.0,4
2022-11-15,37390410.31469575,0.0,4
2022-11-16,37433278.56426547,0.0,4
2022-11-17,36142959.32676632,0.0,4
2022-11-18,36453517.65415463,0.0,4
2022-11-21,36817835.32379297,0.0,4
2022-11-22,36872035.86579839,0.0,4
2022-11-23,37155976.307761565,0.0,4
2022-11-24,36345913.09856123,0.0,4
2022-11-25,37672187.558834486,0.0,4
2022-11-28,37616273.36359979,0.0,4
2022-11-29,37952092.866976306,0.0,4
2022-11-30,38270859.28645805,0.0,4
2022-12-01,39299704.81340588,0.0,4
2022-12-02,38915797.497764796,0.0,4
2022-12-05,38550024.86493069,0.0,4
2022-12-06,38333452.583785824,0.0,4
2022-12-07,38894742.121031076,0.0,4
2022-12-08,38585031.73704085,0.0,4
2022-12-09,38222364.46136239,0.0,4
2022-12-12,38204090.33897439,0.0,4
2022-12-13,38416177.94170273,0.0,4
2022-12-14,38449255.271502584,0.0,4
2022-12-15,38231695.607378624,0.0,4
2022-12-16,39328988.47136156,0.0,4
2022-12-19,39461131.97051871,0.0,4
2022-12-20,39911970.285048425,0.0,4
2022-12-21,39511492.27109014,0.0,4
2022-12-22,39489524.34574705,0.0,4
2022-12-23,38746236.00617475,0.0,4
2022-12-26,39761032.05317569,0.0,4
2022-12-27,40095751.114453346,0.0,4
2022-12-28,39808020.50009494,0.0,4
2022-12-29,39247406.62568435,0.0,4
2022-12-30,39206859.85670671,0.0,4
2023-01-02,39496457.02329443,0.0,4
2023-01-03,39647059.30806849,0.0,4
2023-01-04,39436671.36077364,0.0,4
2023-01-05,39452876.501270324,0.0,4
2023-01-06,39179714.36205611,0.0,4
2023-01-09,39191551.65189333,0.0,4
2023-01-10,39210767.93361254,0.0,4
2023-01-11,39460760.490553826,0.0,4
2023-01-12,39475654.145261474,0.0,4
2023-01-13,39443266.476092055,0.0,4
2023-01-16,39714269.186119154,0.0,4
2023-01-17,40211558.64756097,0.0,4
2023-01-18,40355034.43915382,0.0,4
2023-01-19,40635458.742492944,0.0,4
2023-01-20,40372204.35080565,0.0,4
2023-01-23,39901580.95950906,0.0,4
2023-01-24,39813293.09290073,0.0,4
2023-01-25,39643704.41328427,0.0,4
2023-01-26,39643704.41328427,0.0,4
2023-01-27,39554704.274221554,0.0,4
2023-01-30,39350338.60937175,0.0,4
2023-01-31,39617776.18848958,0.0,4
2023-02-01,39534681.504114844,0.0,4
2023-02-02,39529556.157353096,0.0,4
2023-02-03,39372332.37679934,0.0,4
2023-02-06,40391718.6240619,0.0,4
2023-02-07,40297800.41329031,0.0,4
2023-02-08,40173702.95482163,0.0,4
2023-02-09,40304949.51829547,0.0,4
2023-02-10,40244266.920091376,0.0,4
2023-02-13,39525160.84947885,0.0,4
2023-02-14,40739585.115023926,0.0,4
2023-02-15,40486743.46826509,0.0,4
2023-02-16,40944892.93920493,0.0,4
2023-02-17,41059176.86607981,0.0,4
2023-02-20,41153049.8532035,0.0,4
2023-02-21,40633874.838063,0.0,4
2023-02-22,39611728.06396002,0.0,4
2023-02-23,37799722.283731766,0.0,4
2023-02-24,37913226.1026804,0.0,4
2023-02-27,37243769.94450358,0.0,4
2023-02-28,37541940.76100524,0.0,4
2023-03-01,37974806.44413294,0.0,4
2023-03-02,37621425.090822816,0.0,4
2023-03-03,37905941.59591992,0.0,4
2023-03-06,38131983.11672014,0.0,4
2023-03-07,38131983.11672014,0.0,4
2023-03-08,38076840.41538351,0.0,4
2023-03-09,37872244.863656886,0.0,4
2023-03-10,37893805.237792134,0.0,4
2023-03-13,37058874.944392405,0.0,4
2023-03-14,37077032.23902334,0.0,4
2023-03-15,37122014.694132276,0.0,4
2023-03-16,37158491.33479911,0.0,4
2023-03-17,37376050.998923086,0.0,4
2023-03-20,37200485.260509476,0.0,4
2023-03-21,37044712.40532577,0.0,4
2023-03-22,38034861.56422245,0.0,4
2023-03-23,37489735.712463304,0.0,4
2023-03-24,37413952.1844987,0.0,4
2023-03-27,36692503.098223664,0.0,4
2023-03-28,36184611.383233644,0.0,4
2023-03-29,36819656.92156275,0.0,4
2023-03-30,36819656.92156275,0.0,4
2023-03-31,36799660.53191732,0.0,4
2023-04-03,37251881.936345235,0.0,4
2023-04-04,37251881.936345235,0.0,4
2023-04-05,38324661.16047218,0.0,4
2023-04-06,38476620.15468318,0.0,4
2023-04-10,38237341.833656326,0.0,4
2023-04-11,38371071.92912722,0.0,4
2023-04-12,38279358.37119064,0.0,4
2023-04-13,37882351.27220851,0.0,4
2023-04-14,37882351.27220851,0.0,4
2023-04-17,37913382.231941,0.0,4
2023-04-18,37695434.39817257,0.0,4
2023-04-19,38483931.31109331,0.0,4
2023-04-20,38399781.40826762,0.0,4
2023-04-21,38271843.70836496,0.0,4
2023-04-24,38244603.99778123,0.0,4
2023-04-25,38591801.01724135,0.0,4
2023-04-26,38410537.09919263,0.0,4
2023-04-27,39063581.649385035,0.0,4
2023-04-28,38809590.56824213,0.0,4
2023-05-01,38809590.56824213,0.0,4
2023-05-02,38913371.30289275,0.0,4
2023-05-03,38734726.587784775,0.0,4
2023-05-04,39356257.79266712,0.0,4
2023-05-05,39561128.454918444,0.0,4
2023-05-08,39326331.0436708,0.0,4
2023-05-09,39150215.08420777,0.0,4
2023-05-10,39182877.8639019,0.0,4
2023-05-11,39261947.64361374,0.0,4
2023-05-12,39386139.318015546,0.0,4
2023-05-15,39187498.21326212,0.0,4
2023-05-16,39150467.58290854,0.0,4
2023-05-17,38949365.55798201,0.0,4
2023-05-18,39164856.24021466,0.0,4
2023-05-19,39391471.93983015,0.0,4
2023-05-22,39178969.78699608,0.0,4
2023-05-23,38685011.53176102,0.0,4
2023-05-24,38535189.3549132,0.0,4
2023-05-25,38716799.9875958,0.0,4
2023-05-26,38802996.26048885,0.0,4
2023-05-29,38321149.598050594,0.0,4
2023-05-30,38036587.33092883,0.0,4
2023-05-31,37777723.40172494,0.0,4
2023-06-01,38225897.28966602,0.0,4
2023-06-02,38299589.22391536,0.0,4
2023-06-05,38432746.48651288,0.0,4
2023-06-06,38512460.70320726,0.0,4
2023-06-07,38615849.49957611,0.0,4
2023-06-08,38604264.70843963,0.0,4
2023-06-09,38269319.52892248,0.0,4
2023-06-12,38108764.2729736,0.0,4
2023-06-13,38340987.704928406,0.0,4
2023-06-14,38325747.33558687,0.0,4
2023-06-15,38253570.3935421,0.0,4
2023-06-16,38461866.74712169,0.0,4
2023-06-19,38606333.69033096,0.0,4
2023-06-20,38342687.36036189,0.0,4
2023-06-21,38348826.47056401,0.0,4
2023-06-22,38199166.345121145,0.0,4
2023-06-23,38181144.7214339,0.0,4
2023-06-26,37203628.842415124,0.0,4
2023-06-27,37234614.57849971,0.0,4
2023-06-28,37618318.387725264,0.0,4
2023-06-29,37618318.387725264,0.0,4
2023-06-30,37705294.768544555,0.0,4
2023-07-03,36551107.32524573,0.0,4
2023-07-04,36410687.8985233,0.0,4
2023-07-05,36739659.78788063,0.0,4
2023-07-06,36565175.648379244,0.0,4
2023-07-07,36466934.81059609,0.0,4
2023-07-10,36493624.3001304,0.0,4
2023-07-11,37019537.63880766,0.0,4
2023-07-12,36001558.439209156,0.0,4
2023-07-13,35484218.75044584,0.0,4
2023-07-14,35463577.92381785,0.0,4
2023-07-17,35984339.53527211,0.0,4
2023-07-18,36024449.14232005,0.0,4
2023-07-19,36925983.63991467,0.0,4
2023-07-20,38166531.02264181,0.0,4
2023-07-21,38805104.81307209,0.0,4
2023-07-24,38964578.470108755,0.0,4
2023-07-25,38922814.43127521,0.0,4
2023-07-26,38731503.326118544,0.0,4
2023-07-27,38766694.86145762,0.0,4
2023-07-28,38755087.458497204,0.0,4
2023-07-31,39590662.18887947,22830687.830687832,3
2023-08-01,39965694.36362063,22830687.830687832,3
2023-08-02,40220491.93315105,22830687.830687832,3
2023-08-03,40098942.07351394,22830687.830687832,3
2023-08-04,40365482.71694847,22830687.830687832,3
2023-08-07,40752974.00668546,22830687.830687832,3
2023-08-08,40130338.59106694,22830687.830687832,3
2023-08-09,40581316.34517767,22830687.830687832,3
2023-08-10,39529587.6523936,22830687.830687832,3
2023-08-11,39293203.6448322,22830687.830687832,3
2023-08-14,39475413.49084945,22830687.830687832,3
2023-08-15,39475413.49084945,22830687.830687832,3
2023-08-16,39906304.40801895,22830687.830687832,3
2023-08-17,41639741.90648794,22830687.830687832,3
2023-08-18,42426380.88120754,22830687.830687832,3
2023-08-21,42016982.50270144,22830687.830687832,3
2023-08-22,42061573.0195286,22830687.830687832,3
2023-08-23,41736486.59525314,22830687.830687832,3
2023-08-24,41497848.94257151,22830687.830687832,3
2023-08-25,41468035.25269494,22830687.830687832,3
2023-08-28,40818001.84372505,22830687.830687832,3
2023-08-29,40752653.672512844,22830687.830687832,3
2023-08-30,40907393.92106955,22830687.830687832,3
2023-08-31,40805497.50508133,22830687.830687832,3
2023-09-01,40578444.643536165,7610229.276895942,7
2023-09-04,41243426.27553835,12779414.891777564,7
2023-09-05,41261381.90441271,12779414.891777564,7
2023-09-06,41320384.164949365,12779414.891777564,7
2023-09-07,41504088.79869156,12779414.891777564,7
2023-09-08,41467690.82461897,12779414.891777564,7
2023-09-11,41234318.04711217,12779414.891777564,7
2023-09-12,40352676.480760805,12779414.891777564,7
2023-09-13,40613006.06168705,12779414.891777564,7
2023-09-14,40739049.123623624,12779414.891777564,7
2023-09-15,40874260.55110244,12779414.891777564,7
2023-09-18,41163397.107623294,12779414.891777564,7
2023-09-19,41163397.107623294,12779414.891777564,7
2023-09-20,41500008.33525448,12779414.891777564,7
2023-09-21,41124823.40240152,12779414.891777564,7
2023-09-22,41439141.46123794,12779414.891777564,7
2023-09-25,41502950.6257111,12779414.891777564,7
2023-09-26,41638311.20232162,12779414.891777564,7
2023-09-27,41858391.24410311,12779414.891777564,7
2023-09-28,41448531.73245949,12779414.891777564,7
2023-09-29,41620259.35468613,12779414.891777564,7
2023-10-02,41620259.35468613,12779414.891777564,7
2023-10-03,41650907.70273319,12779414.891777564,7
2023-10-04,41328266.09253173,12779414.891777564,7
2023-10-05,42024000.862504534,12779414.891777564,7
2023-10-06,42620014.471523136,12779414.891777564,7
2023-10-09,43682270.0368085,12779414.891777564,7
2023-10-10,44178901.34331247,12779414.891777564,7
2023-10-11,43751270.9515331,12779414.891777564,7
2023-10-12,44522642.345222,12779414.891777564,7
2023-10-13,44471960.04418151,12779414.891777564,7
2023-10-16,43717623.87604921,12779414.891777564,7
2023-10-17,44082286.22924874,12779414.891777564,7
2023-10-18,43948634.72905357,12779414.891777564,7
2023-10-19,43610750.77758425,12779414.891777564,7
2023-10-20,43308373.97687732,12779414.891777564,7
2023-10-23,41870718.15437718,12779414.891777564,7
2023-10-24,41870718.15437718,12779414.891777564,7
2023-10-25,43137316.974910416,12779414.891777564,7
2023-10-26,44925702.05840668,12779414.891777564,7
2023-10-27,44908208.63264265,12779414.891777564,7
2023-10-30,44441505.326815136,12779414.891777564,7
2023-10-31,45123059.80581416,12779414.891777564,7
2023-11-01,44956621.14095361,12779414.891777564,7
2023-11-02,44927532.421149604,12779414.891777564,7
2023-11-03,44621863.79170087,12779414.891777564,7
2023-11-06,45486759.29812128,12779414.891777564,7
2023-11-07,45818513.88497859,12779414.891777564,7
2023-11-08,45533925.939586625,12779414.891777564,7
2023-11-09,45337135.25784229,12779414.891777564,7
2023-11-10,45432062.31898503,12779414.891777564,7
2023-11-13,45570127.222847335,12779414.891777564,7
2023-11-14,45570127.222847335,12779414.891777564,7
2023-11-15,46345935.358259715,12779414.891777564,7
2023-11-16,46946795.09909051,12779414.891777564,7
2023-11-17,46754114.230486415,12779414.891777564,7
2023-11-20,47113290.57596549,12779414.891777564,7
2023-11-21,47191479.789686866,12779414.891777564,7
2023-11-22,46954521.76736124,12779414.891777564,7
2023-11-23,46475777.25687143,12779414.891777564,7
2023-11-24,46107035.5294917,12779414.891777564,7
2023-11-27,46107035.5294917,12779414.891777564,7
2023-11-28,45819972.45016381,12779414.891777564,7
2023-11-29,45476290.75681772,12779414.891777564,7
2023-11-30,46003286.24195596,12779414.891777564,7
2023-12-01,46391713.96695937,12779414.891777564,7
2023-12-04,46389684.80529585,12779414.891777564,7
2023-12-05,46605960.02694054,12779414.891777564,7
2023-12-06,46572828.86366722,12779414.891777564,7
2023-12-07,46891160.45057288,12779414.891777564,7
2023-12-08,46587897.89548881,12779414.891777564,7
2023-12-11,47033987.08097223,12779414.891777564,7
2023-12-12,46774209.100560494,12779414.891777564,7
2023-12-13,46617784.05073017,12779414.891777564,7
2023-12-14,46828496.81995541,12779414.891777564,7
2023-12-15,46607972.70002248,12779414.891777564,7
2023-12-18,46308326.221989095,12779414.891777564,7
2023-12-19,46527063.70316783,12779414.891777564,7
2023-12-20,45548178.5240177,12779414.891777564,7
2023-12-21,45713249.6222301,12779414.891777564,7
2023-12-22,46008280.25141996,12779414.891777564,7
2023-12-26,46453558.64242931,12779414.891777564,7
2023-12-27,47079404.66667672,12779414.891777564,7
2023-12-28,46860394.40224663,12779414.891777564,7
2023-12-29,46995125.56862344,12779414.891777564,7
2024-01-02,47036386.361213386,12779414.891777564,7
2024-01-03,46948233.95372589,12779414.891777564,7
2024-01-04,47213243.3140178,12779414.891777564,7
2024-01-05,47305198.935416535,12779414.891777564,7
2024-01-08,48479871.02321836,12779414.891777564,7
2024-01-09,49810812.38837056,12779414.891777564,7
2024-01-10,48991837.28685566,12779414.891777564,7
2024-01-11,48753047.244582325,12779414.891777564,7
2024-01-12,48147012.470062256,12779414.891777564,7
2024-01-15,48522957.073588714,12779414.891777564,7
2024-01-16,48472497.89902646,12779414.891777564,7
2024-01-17,48232762.32387935,12779414.891777564,7
2024-01-18,48091883.98336874,12779414.891777564,7
2024-01-19,48274670.796695344,12779414.891777564,7
2024-01-22,48274670.796695344,12779414.891777564,7
2024-01-23,47924056.040919974,12779414.891777564,7
2024-01-24,48357456.022369236,12779414.891777564,7
2024-01-25,48482036.10357505,12779414.891777564,7
2024-01-26,48482036.10357505,12779414.891777564,7
2024-01-29,48590516.854595706,12779414.891777564,7
2024-01-30,48592105.776036404,12779414.891777564,7
2024-01-31,49247320.84573687,12779414.891777564,7
2024-02-01,49050899.86904791,12779414.891777564,7
2024-02-02,49316880.34468454,12779414.891777564,7
2024-02-05,48891552.92288716,12779414.891777564,7
2024-02-06,48423988.12299656,12779414.891777564,7
2024-02-07,47989832.26516184,12779414.891777564,7
2024-02-08,48149844.77204714,12779414.891777564,7
2024-02-09,47266804.9444388,12779414.891777564,7
2024-02-12,46766616.47843173,12779414.891777564,7
2024-02-13,47307241.012585014,12779414.891777564,7
2024-02-14,47459225.66242952,12779414.891777564,7
2024-02-15,47632283.22701441,12779414.891777564,7
2024-02-16,48185671.88529183,12779414.891777564,7
2024-02-19,51257876.7280891,12779414.891777564,7
2024-02-20,51301709.016357355,12779414.891777564,7
2024-02-21,50205488.09541033,12779414.891777564,7
2024-02-22,50276831.91128636,12779414.891777564,7
2024-02-23,50569353.39181222,12779414.891777564,7
2024-02-26,50287585.049038306,12779414.891777564,7
2024-02-27,49502326.46930143,12779414.891777564,7
2024-02-28,49469731.53571432,12779414.891777564,7
2024-02-29,51362525.21460845,12779414.891777564,7
2024-03-01,50900586.346562065,12779414.891777564,7
2024-03-04,50184555.25568331,12779414.891777564,7
2024-03-05,49705725.86489968,12779414.891777564,7
2024-03-06,48529564.5903313,12779414.891777564,7
2024-03-07,49523743.145091176,12779414.891777564,7
2024-03-08,49523743.145091176,12779414.891777564,7
2024-03-11,48221699.09683955,12779414.891777564,7
2024-03-12,47343199.893868506,12779414.891777564,7
2024-03-13,46211263.14325079,12779414.891777564,7
2024-03-14,47271371.357843824,12779414.891777564,7
2024-03-15,47638111.98375143,12779414.891777564,7
2024-03-18,47348873.43837126,12779414.891777564,7
2024-03-19,47228521.35637298,12779414.891777564,7
2024-03-20,46969056.22276417,12779414.891777564,7
2024-03-21,47733131.01770642,12779414.891777564,7
2024-03-22,47700306.37070345,12779414.891777564,7
2024-03-25,47700306.37070345,12779414.891777564,7
2024-03-26,47358495.21021543,12779414.891777564,7
2024-03-27,47220097.6928822,12779414.891777564,7
2024-03-28,48101069.15574903,12779414.891777564,7
2024-04-01,49616341.76832707,12779414.891777564,7
2024-04-02,50069102.0733906,12779414.891777564,7
2024-04-03,49911146.381992616,12779414.891777564,7
2024-04-04,49804696.73310046,12779414.891777564,7
2024-04-05,49481891.31709207,12779414.891777564,7
2024-04-08,49649405.266052336,12779414.891777564,7
2024-04-09,49732073.48156857,12779414.891777564,7
2024-04-10,49561338.99181207,12779414.891777564,7
2024-04-11,49561338.99181207,12779414.891777564,7
2024-04-12,49730391.98674418,12779414.891777564,7
2024-04-15,48685153.030619375,12779414.891777564,7
2024-04-16,48676760.908408254,12779414.891777564,7
2024-04-17,48676760.908408254,12779414.891777564,7
2024-04-18,49354241.1934151,12779414.891777564,7
2024-04-19,49007004.07719987,12779414.891777564,7
2024-04-22,49534856.3064476,12779414.891777564,7
2024-04-23,50358819.00892384,12779414.891777564,7
2024-04-24,50316924.93065887,12779414.891777564,7
2024-04-25,50238312.80197155,12779414.891777564,7
2024-04-26,50911174.052302286,12779414.891777564,7
2024-04-29,50718002.173519224,12779414.891777564,7
2024-04-30,50492789.636808336,12779414.891777564,7
2024-05-01,50492789.636808336,12779414.891777564,7
2024-05-02,50508832.36884025,12779414.891777564,7
2024-05-03,50087328.765777946,12779414.891777564,7
2024-05-06,50186624.918916136,12779414.891777564,7
2024-05-07,49828901.347857416,12779414.891777564,7
2024-05-08,49847977.18806236,12779414.891777564,7
2024-05-09,49363970.25519783,12779414.891777564,7
2024-05-10,49459939.20215982,12779414.891777564,7
2024-05-13,49197218.64559809,12779414.891777564,7
2024-05-14,49714613.291034095,12779414.891777564,7
2024-05-15,49142355.16689295,12779414.891777564,7
2024-05-16,49380424.43828376,12779414.891777564,7
2024-05-17,49724564.137622125,12779414.891777564,7
2024-05-20,49724564.137622125,12779414.891777564,7
2024-05-21,50419686.34520897,12779414.891777564,7
2024-05-22,49541332.26504799,12779414.891777564,7
2024-05-23,50111831.666757174,12779414.891777564,7
2024-05-24,49983232.34444073,12779414.891777564,7
2024-05-27,49483432.12187807,12779414.891777564,7
2024-05-28,49541309.67301208,12779414.891777564,7
2024-05-29,48648872.15035133,12779414.891777564,7
2024-05-30,48104182.41286029,12779414.891777564,7
2024-05-31,48369842.6684134,12779414.891777564,7
2024-06-03,48125336.312780604,12779414.891777564,7
2024-06-04,46457644.37263084,12779414.891777564,7
2024-06-05,46981034.598975904,12779414.891777564,7
2024-06-06,48444407.88037447,12779414.891777564,7
2024-06-07,49039738.450180575,12779414.891777564,7
2024-06-10,49587712.96556317,12779414.891777564,7
2024-06-11,49482953.45401346,12779414.891777564,7
2024-06-12,49914722.4535677,12779414.891777564,7
2024-06-13,51796500.998250246,12779414.891777564,7
2024-06-14,51598756.11224951,12779414.891777564,7
2024-06-17,51598756.11224951,12779414.891777564,7
2024-06-18,51050346.5417565,12779414.891777564,7
2024-06-19,50654452.4238075,12779414.891777564,7
2024-06-20,51300746.561490215,12779414.891777564,7
2024-06-21,51062069.01862207,12779414.891777564,7
2024-06-24,50990588.99570301,12779414.891777564,7
2024-06-25,50778720.75343093,12779414.891777564,7
2024-06-26,50304925.45810554,12779414.891777564,7
2024-06-27,49811444.56701897,12779414.891777564,7
2024-06-28,49737490.98585381,12779414.891777564,7
2024-07-01,49606378.814993724,12779414.891777564,7
2024-07-02,49979551.43178211,12779414.891777564,7
2024-07-03,50439183.87443939,12779414.891777564,7
2024-07-04,50259110.67917656,12779414.891777564,7
2024-07-05,50160308.30348998,12779414.891777564,7
2024-07-08,51235622.04026272,12779414.891777564,7
2024-07-09,51432194.737866186,12779414.891777564,7
2024-07-10,50945477.73324368,12779414.891777564,7
2024-07-11,51368550.85057851,12779414.891777564,7
2024-07-12,51148082.41567914,12779414.891777564,7
2024-07-15,50755681.98508391,12779414.891777564,7
2024-07-16,50642031.09236849,12779414.891777564,7
2024-07-17,50642031.09236849,12779414.891777564,7
2024-07-18,50760952.28631729,12779414.891777564,7
2024-07-19,50279871.21515261,12779414.891777564,7
2024-07-22,50577875.12161195,12779414.891777564,7
2024-07-23,50314515.0501957,12779414.891777564,7
2024-07-24,51099012.05453914,12779414.891777564,7
2024-07-25,51756829.20902927,12779414.891777564,7
2024-07-26,52164205.39575126,12779414.891777564,7
2024-07-29,52799322.02741298,12779414.891777564,7
2024-07-30,53060700.037357084,12779414.891777564,7
2024-07-31,53635890.81102111,12779414.891777564,7
2024-08-01,53310525.862811446,12779414.891777564,7
2024-08-02,53216031.336065635,12779414.891777564,7
2024-08-05,51181542.55820516,12779414.891777564,7
2024-08-06,51247191.260936074,12779414.891777564,7
2024-08-07,52474095.83498349,12779414.891777564,7
2024-08-08,52553165.936740644,12779414.891777564,7
2024-08-09,52728346.671027966,12779414.891777564,7
2024-08-12,52751705.741452515,12779414.891777564,7
2024-08-13,52737526.08199563,12779414.891777564,7
2024-08-14,52889590.010240555,12779414.891777564,7
2024-08-15,52889590.010240555,12779414.891777564,7
2024-08-16,53591978.132087916,12779414.891777564,7
2024-08-19,54463954.611382805,12779414.891777564,7
2024-08-20,54692042.79678216,12779414.891777564,7
2024-08-21,54975352.46124028,12779414.891777564,7
2024-08-22,55078135.27197762,12779414.891777564,7
2024-08-23,54872109.31165558,12779414.891777564,7
2024-08-26,55257166.24859278,12779414.891777564,7
2024-08-27,55308577.98948129,12779414.891777564,7
2024-08-28,56244065.35904583,12779414.891777564,7
2024-08-29,56033017.46897887,12779414.891777564,7
2024-08-30,56089931.36857483,12779414.891777564,7
2024-09-02,56072354.5712509,12779414.891777564,7
2024-09-03,56588281.44372009,12779414.891777564,7
2024-09-04,56539554.54899275,12779414.891777564,7
2024-09-05,56814960.11577997,12779414.891777564,7
2024-09-06,56455114.90819238,12779414.891777564,7
2024-09-09,56162769.29485179,12779414.891777564,7
2024-09-10,56608005.16283598,12779414.891777564,7
2024-09-11,56357576.759874925,12779414.891777564,7
2024-09-12,59319069.413189396,12779414.891777564,7
2024-09-13,58565380.10615173,12779414.891777564,7
2024-09-16,58475146.27943599,12779414.891777564,7
2024-09-17,57747236.174950354,12779414.891777564,7
2024-09-18,58157482.00096495,12779414.891777564,7
2024-09-19,57944668.358201675,12779414.891777564,7
2024-09-20,58615566.30095025,12779414.891777564,7
2024-09-23,58162909.20164418,12779414.891777564,7
2024-09-24,59303544.01974048,12779414.891777564,7
2024-09-25,58835806.02162507,12779414.891777564,7
2024-09-26,58946699.362720035,12779414.891777564,7
2024-09-27,58633514.98689371,12779414.891777564,7
2024-09-30,59221609.771681264,12779414.891777564,7
2024-10-01,59533945.9690927,12779414.891777564,7
2024-10-02,59533945.9690927,12779414.891777564,7
2024-10-03,59685839.346488714,12779414.891777564,7
2024-10-04,59584745.05969502,12779414.891777564,7
2024-10-07,58626453.28111032,12779414.891777564,7
2024-10-08,60004916.120630264,12779414.891777564,7
2024-10-09,59767007.437093794,12779414.891777564,7
2024-10-10,60299346.03802574,12779414.891777564,7
2024-10-11,61307940.86806224,12779414.891777564,7
2024-10-14,64328319.03231904,12779414.891777564,7
2024-10-15,67687402.90427336,12779414.891777564,7
2024-10-16,66557602.029670835,12779414.891777564,7
2024-10-17,66529332.89796718,12779414.891777564,7
2024-10-18,65585092.32124549,12779414.891777564,7
2024-10-21,63649880.88405521,12779414.891777564,7
2024-10-22,62478299.67483998,12779414.891777564,7
2024-10-23,63572952.047698334,12779414.891777564,7
2024-10-24,62887892.74424686,12779414.891777564,7
2024-10-25,61365905.64132044,12779414.891777564,7
2024-10-28,62381644.89049617,12779414.891777564,7
2024-10-29,62020695.943593696,12779414.891777564,7
2024-10-30,63591876.80422622,12779414.891777564,7
2024-10-31,64005048.74605456,12779414.891777564,7
2024-11-01,64522153.347649194,12779414.891777564,7
2024-11-04,63798316.28355873,12779414.891777564,7
2024-11-05,65043749.98388595,12779414.891777564,7
2024-11-06,65142394.72329064,12779414.891777564,7
2024-11-07,65412398.030071564,12779414.891777564,7
2024-11-08,65883976.12948761,12779414.891777564,7
2024-11-11,66417854.22822118,12779414.891777564,7
2024-11-12,66302664.045090765,12779414.891777564,7
2024-11-13,64317780.00589062,12779414.891777564,7
2024-11-14,64709222.57507378,12779414.891777564,7
2024-11-15,64709222.57507378,12779414.891777564,7
2024-11-18,63947715.44141678,12779414.891777564,7
2024-11-19,65046435.3301825,12779414.891777564,7
2024-11-20,65046435.3301825,12779414.891777564,7
2024-11-21,63880606.84208328,12779414.891777564,7
2024-11-22,64374054.01330413,12779414.891777564,7
2024-11-25,64212657.90419109,12779414.891777564,7
2024-11-26,64963806.783969566,12779414.891777564,7
2024-11-27,65961360.25767988,12779414.891777564,7
2024-11-28,66096644.38216114,12779414.891777564,7
2024-11-29,66625901.415645465,12779414.891777564,7
2024-12-02,68014321.63090645,12779414.891777564,7
2024-12-03,69041727.78960478,12779414.891777564,7
2024-12-04,62174875.58227508,6389707.445888782,8
2024-12-05,61978559.000340834,6389707.445888782,8
2024-12-06,62372745.30711298,6389707.445888782,8
2024-12-09,63883583.49127082,6389707.445888782,8
2024-12-10,64598748.088730395,6389707.445888782,8
2024-12-11,65682653.7101051,6389707.445888782,8
2024-12-12,66335078.564996585,6389707.445888782,8
2024-12-13,66173102.04994734,6389707.445888782,8
2024-12-16,67739205.11371563,6389707.445888782,8
2024-12-17,69491406.38552518,6389707.445888782,8
2024-12-18,70381936.21267453,6389707.445888782,8
2024-12-19,76923899.95727737,6389707.445888782,8
2024-12-20,75443818.63488264,6389707.445888782,8
2024-12-23,73853718.4005662,6389707.445888782,8
2024-12-24,73916470.40567166,6389707.445888782,8
2024-12-26,73102910.3983054,6389707.445888782,8
2024-12-27,74339776.73611201,6389707.445888782,8
2024-12-30,73673219.37226766,6389707.445888782,8
2024-12-31,75792019.0490076,6389707.445888782,8
2025-01-01,77024762.98034678,6389707.445888782,8
2025-01-02,79265369.20399581,6389707.445888782,8
2025-01-03,80858127.84991188,6389707.445888782,8
2025-01-06,77976624.99091992,6389707.445888782,8
2025-01-07,78594666.79972321,6389707.445888782,8
2025-01-08,77424652.70803942,6389707.445888782,8
2025-01-09,75328900.90042596,6389707.445888782,8
2025-01-10,73147962.12722233,6389707.445888782,8
2025-01-13,70881749.50076985,6389707.445888782,8
2025-01-14,71429931.9546541,6389707.445888782,8
2025-01-15,71050366.73661424,6389707.445888782,8
2025-01-16,71278013.89614837,6389707.445888782,8
2025-01-17,70663238.67772566,6389707.445888782,8
2025-01-20,70762791.04235347,6389707.445888782,8
2025-01-21,69847822.46220356,6389707.445888782,8
2025-01-22,68406171.41996604,6389707.445888782,8
2025-01-23,68263391.5441877,6389707.445888782,8
2025-01-24,66735519.54936262,6389707.445888782,8
2025-01-27,64612977.29014777,6389707.445888782,8
2025-01-28,63533525.28609275,6389707.445888782,8
2025-01-29,64313770.306802936,6389707.445888782,8
2025-01-30,64257462.39277153,6389707.445888782,8
2025-01-31,64746965.35080053,6389707.445888782,8
2025-02-03,65449969.255224794,6389707.445888782,8
2025-02-04,66337276.62152521,6389707.445888782,8
2025-02-05,66561130.75486478,6389707.445888782,8
2025-02-06,66806490.59001556,6389707.445888782,8
2025-02-07,66736700.362923056,6389707.445888782,8
2025-02-10,66213655.595777884,6389707.445888782,8
2025-02-11,63313131.65364742,6389707.445888782,8
2025-02-12,61969365.25201542,6389707.445888782,8
2025-02-13,61171482.00888674,6389707.445888782,8
2025-02-14,59207378.72011287,6389707.445888782,8
2025-02-17,57728397.80359496,6389707.445888782,8
2025-02-18,56153321.785038814,6389707.445888782,8
2025-02-19,56313860.62552598,6389707.445888782,8
2025-02-20,57816183.8221439,6389707.445888782,8
2025-02-21,58187871.565491684,6389707.445888782,8
2025-02-24,59326608.58715924,6389707.445888782,8
2025-02-25,60753595.86873496,6389707.445888782,8
2025-02-26,60753595.86873496,6389707.445888782,8
2025-02-27,59351127.1705888,6389707.445888782,8
2025-02-28,57402991.0933603,6389707.445888782,8
2025-03-03,55424200.354223296,6389707.445888782,8
2025-03-04,57235184.180402845,6389707.445888782,8
2025-03-05,59385020.4900815,6389707.445888782,8
2025-03-06,59714899.43082483,6389707.445888782,8
2025-03-07,59454816.54346356,6389707.445888782,8
2025-03-10,57521954.30690754,6389707.445888782,8
2025-03-11,58361728.02033801,6389707.445888782,8
2025-03-12,58015321.39302476,6389707.445888782,8
2025-03-13,57257400.5829009,6389707.445888782,8
2025-03-14,57257400.5829009,6389707.445888782,8
2025-03-17,57034651.121949926,6389707.445888782,8
2025-03-18,58315314.933393076,6389707.445888782,8
2025-03-19,59662366.95173111,6389707.445888782,8
2025-03-20,58789765.46573588,6389707.445888782,8
2025-03-21,60040707.32321452,6389707.445888782,8
2025-03-24,60359699.92491057,6389707.445888782,8
2025-03-25,59221731.79186324,6389707.445888782,8
2025-03-26,58047054.578889556,6389707.445888782,8
2025-03-27,57797220.99846514,6389707.445888782,8
2025-03-28,57624164.85632593,6389707.445888782,8
2025-03-31,57624164.85632593,6389707.445888782,8
2025-04-01,58346309.53569425,6389707.445888782,8
2025-04-02,59082353.4694351,6389707.445888782,8
2025-04-03,60182549.8724261,6389707.445888782,8
2025-04-04,58823962.76824956,6389707.445888782,8
2025-04-07,56826327.524775,6389707.445888782,8
2025-04-08,58564477.352539055,6389707.445888782,8
2025-04-09,57818452.37728532,6389707.445888782,8
2025-04-10,57818452.37728532,6389707.445888782,8
2025-04-11,58656638.46104432,6389707.445888782,8
2025-04-14,58656638.46104432,6389707.445888782,8
2025-04-15,59876370.19371631,6389707.445888782,8
2025-04-16,60130167.99012031,6389707.445888782,8
2025-04-17,60545837.23446597,6389707.445888782,8
2025-04-21,60921106.43560818,6389707.445888782,8
2025-04-22,61498098.93144986,6389707.445888782,8
2025-04-23,61906742.22570318,6389707.445888782,8
2025-04-24,61795661.762816794,6389707.445888782,8
2025-04-25,60500284.6586166,6389707.445888782,8
2025-04-28,60547740.80002774,6389707.445888782,8
2025-04-29,60048623.888952985,6389707.445888782,8
2025-04-30,58567767.06776351,6389707.445888782,8
2025-05-01,58567767.06776351,6389707.445888782,8
2025-05-02,58684262.8476813,6389707.445888782,8
2025-05-05,59594225.83034269,6389707.445888782,8
2025-05-06,58460458.13387132,6389707.445888782,8
2025-05-07,57835529.30144572,6389707.445888782,8
2025-05-08,57866420.507474005,6389707.445888782,8
2025-05-09,57122966.73082756,6389707.445888782,8
2025-05-12,59950004.826526,6389707.445888782,8
2025-05-13,59701623.489558086,6389707.445888782,8
2025-05-14,60569388.93247112,6389707.445888782,8
2025-05-15,61469219.573928304,6389707.445888782,8
2025-05-16,62898961.889918305,6389707.445888782,8
2025-05-19,61785289.462915994,6389707.445888782,8
2025-05-20,61146053.287161455,6389707.445888782,8
2025-05-21,62113486.00854369,6389707.445888782,8
2025-05-22,62254022.37192464,6389707.445888782,8
2025-05-23,62627809.53025011,6389707.445888782,8
2025-05-26,63154884.60492218,6389707.445888782,8
2025-05-27,62856246.08555156,6389707.445888782,8
2025-05-28,63086054.117206216,6389707.445888782,8
2025-05-29,62313389.03880885,6389707.445888782,8
2025-05-30,61870341.58845093,6389707.445888782,8
2025-06-02,62725962.50872904,6389707.445888782,8
2025-06-03,62696594.69252914,6389707.445888782,8
2025-06-04,62671134.14012986,6389707.445888782,8
2025-06-05,62915335.531212226,6389707.445888782,8
2025-06-06,63365678.30442299,6389707.445888782,8
2025-06-09,64126638.309922725,6389707.445888782,8
2025-06-10,64071104.968342006,6389707.445888782,8
2025-06-11,62833878.12747811,6389707.445888782,8
2025-06-12,63026668.57953476,6389707.445888782,8
2025-06-13,63138308.41317562,6389707.445888782,8
2025-06-16,63407960.94870407,6389707.445888782,8
2025-06-17,62562762.16777496,6389707.445888782,8
2025-06-18,61956973.09720292,6389707.445888782,8
2025-06-19,61192866.34684099,6389707.445888782,8
2025-06-20,61653196.57940436,6389707.445888782,8
2025-06-23,62346269.83232585,6389707.445888782,8
2025-06-24,63389591.4817346,6389707.445888782,8
2025-06-25,63573699.64805124,6389707.445888782,8
2025-06-26,63322831.37230249,6389707.445888782,8
2025-06-27,63666731.83994829,6389707.445888782,8
2025-06-30,64503593.0749217,6389707.445888782,8
2025-07-01,64356546.44091725,6389707.445888782,8
2025-07-02,64970360.64951177,6389707.445888782,8
2025-07-03,65044829.89120729,6389707.445888782,8
2025-07-04,63873169.440317936,6389707.445888782,8
2025-07-07,64541326.41288225,6389707.445888782,8
2025-07-08,65205908.742615156,6389707.445888782,8
2025-07-09,66075491.502288036,6389707.445888782,8
2025-07-10,66842374.14119425,6389707.445888782,8
2025-07-11,68447418.65113018,6389707.445888782,8
2025-07-14,68046275.86659314,6389707.445888782,8
2025-07-15,67340552.27501988,6389707.445888782,8
2025-07-16,69026106.59567872,6389707.445888782,8
2025-07-17,69682609.8626018,6389707.445888782,8
2025-07-18,69984281.29773372,6389707.445888782,8
2025-07-21,69494317.84052308,6389707.445888782,8
2025-07-22,69195788.46165892,6389707.445888782,8
2025-07-23,68526518.3679165,6389707.445888782,8
2025-07-24,68414110.73090352,6389707.445888782,8
2025-07-25,67996383.29055879,6389707.445888782,8
2025-07-28,68838761.13410783,6389707.445888782,8
2025-07-29,69840091.2540749,6389707.445888782,8
2025-07-30,69759338.83405432,6389707.445888782,8
2025-07-31,69046788.41729239,6389707.445888782,8
2025-08-01,68096457.83581914,6389707.445888782,8
2025-08-04,67883511.32650447,6389707.445888782,8
2025-08-05,67000213.28498498,6389707.445888782,8
2025-08-06,66286041.56895668,6389707.445888782,8
2025-08-07,65681504.307116985,6389707.445888782,8
2025-08-08,66908338.74872523,6389707.445888782,8
2025-08-11,66374145.36085167,6389707.445888782,8
2025-08-12,66509175.318622276,6389707.445888782,8
2025-08-13,67066864.82768919,6389707.445888782,8
2025-08-14,66753591.47264234,6389707.445888782,8
2025-08-15,66753591.47264234,6389707.445888782,8
2025-08-18,66354102.25337826,6389707.445888782,8
2025-08-19,66626793.34930618,6389707.445888782,8
2025-08-20,66065506.27804007,6389707.445888782,8
2025-08-21,59564383.89448533,0.0,9
2025-08-22,59469397.48650958,0.0,9
2025-08-25,59435194.43639816,0.0,9
2025-08-26,59203023.274480544,0.0,9
2025-08-27,59203023.274480544,0.0,9
2025-08-28,58535518.38061479,0.0,9
2025-08-29,58334523.5739065,0.0,9
2025-09-01,58971869.72111582,14869015.356820235,8
2025-09-02,59842583.396192335,14869015.356820235,8
2025-09-03,59576492.2417403,14869015.356820235,8
2025-09-04,59285485.70017854,14869015.356820235,8
2025-09-05,66249974.46522321,14869015.356820235,8
2025-09-08,65878042.89122988,14869015.356820235,8
2025-09-09,66011802.662299335,14869015.356820235,8
2025-09-10,66182592.791572,14869015.356820235,8
2025-09-11,65778059.329841346,14869015.356820235,8
2025-09-12,65836588.69466268,14869015.356820235,8
2025-09-15,66221351.413629666,14869015.356820235,8
2025-09-16,66377770.64739985,14869015.356820235,8
2025-09-17,66208458.83438754,14869015.356820235,8
2025-09-18,66546450.24072971,14869015.356820235,8
